,AEP_MW,Predictions
14031,15142.0,15232.4
14032,15480.0,15228.134
14033,15732.0,15471.669
14034,15098.0,15624.213
14035,14078.0,14839.032
14036,11787.0,13779.135
14037,11289.0,11728.649
14038,11162.0,11220.782
14039,11121.0,11323.676
14040,11222.0,11627.463
14041,11289.0,12031.971
14042,11335.0,12303.539
14043,11891.0,12404.378
14044,12608.0,12886.793
14045,13003.0,13523.927
14046,13253.0,13817.578
14047,13201.0,13945.661
14048,13232.0,13794.27
14049,13301.0,13728.607
14050,13303.0,13736.194
14051,13397.0,13715.596
14052,13554.0,13795.043
14053,13677.0,13953.476
14054,13562.0,14065.097
14055,13445.0,13889.104
14056,13452.0,13657.616
14057,13819.0,13554.821
14058,13357.0,13857.0
14059,12606.0,13389.91
14060,12505.0,12665.558
14061,11879.0,12583.209
14062,11583.0,12140.401
14063,11457.0,11959.167
14064,11444.0,11973.323
14065,11635.0,12099.06
14066,11769.0,12385.583
14067,12340.0,12581.129
14068,13065.0,13120.955
14069,13494.0,13810.774
14070,13763.0,14162.366
14071,13683.0,14307.271
14072,13703.0,14109.148
14073,13621.0,14026.299
14074,13525.0,13897.073
14075,13587.0,13785.516
14076,13674.0,13855.31
14077,13745.0,13984.977
14078,13573.0,14089.214
14079,13479.0,13910.629
14080,13534.0,13756.598
14081,13972.0,13751.041
14082,13363.0,14157.931
14083,12534.0,13539.209
14084,13307.0,12709.965
14085,12764.0,13429.801
14086,12456.0,13092.661
14087,12485.0,12862.149
14088,12591.0,12958.488
14089,13406.0,13158.838
14090,14619.0,14043.542
14091,15425.0,15397.226
14092,15592.0,16227.718
14093,15657.0,16208.826
14094,15856.0,16058.293
14095,15678.0,16096.726
14096,15743.0,15804.188
14097,15703.0,15819.802
14098,15715.0,15793.829
14099,15489.0,15848.675
14100,15277.0,15659.239
14101,15069.0,15455.838
14102,14643.0,15240.719
14103,14625.0,14782.254
14104,14870.0,14749.551
14105,15079.0,15031.271
14106,14491.0,15287.221
14107,13390.0,14690.056
14108,13394.0,13616.313
14109,13044.0,13636.301
14110,12895.0,13443.388
14111,12859.0,13420.429
14112,13121.0,13508.199
14113,14043.0,13861.742
14114,15392.0,14874.779
14115,16172.0,16351.681
14116,16214.0,17053.053
14117,16130.0,16803.281
14118,16167.0,16466.535
14119,16019.0,16340.977
14120,15968.0,16104.672
14121,16034.0,16036.342
14122,15879.0,16151.907
14123,15744.0,16063.389
14124,15749.0,15970.411
14125,15563.0,16000.269
14126,15426.0,15780.409
14127,15316.0,15575.372
14128,15640.0,15402.127
14129,16138.0,15732.819
14130,15259.0,16295.356
14131,14107.0,15349.274
14132,13322.0,14223.505
14133,12925.0,13510.928
14134,12663.0,13231.419
14135,12732.0,13150.894
14136,12862.0,13397.604
14137,13693.0,13689.981
14138,14942.0,14614.788
14139,15838.0,15954.753
14140,15955.0,16751.781
14141,15960.0,16553.691
14142,16086.0,16311.854
14143,15967.0,16296.701
14144,15984.0,16109.484
14145,15970.0,16122.859
14146,15823.0,16158.945
14147,15583.0,16076.332
14148,15542.0,15879.1
14149,15365.0,15860.534
14150,15358.0,15657.859
14151,15250.0,15582.537
14152,15582.0,15374.684
14153,15972.0,15660.976
14154,15367.0,16048.912
14155,14260.0,15371.364
14156,13249.0,14285.105
14157,12901.0,13374.869
14158,12582.0,13131.838
14159,12639.0,13022.352
14160,12817.0,13274.683
14161,13464.0,13647.55
14162,14963.0,14414.081
14163,15680.0,16044.785
14164,16098.0,16643.646
14165,16056.0,16776.404
14166,16107.0,16432.328
14167,16106.0,16307.164
14168,16092.0,16222.369
14169,16120.0,16198.757
14170,15959.0,16272.42
14171,15684.0,16178.603
14172,15675.0,15949.62
14173,15560.0,15976.106
14174,15481.0,15858.265
14175,15523.0,15713.524
14176,15814.0,15668.358
14177,16039.0,15901.833
14178,15198.0,16084.221
14179,14177.0,15145.696
14180,12586.0,14157.109
14181,12417.0,12738.1045
14182,12207.0,12603.149
14183,12383.0,12652.164
14184,12722.0,13069.68
14185,13646.0,13636.3125
14186,14976.0,14703.511
14187,15887.0,16122.831
14188,15934.0,16886.002
14189,15911.0,16560.645
14190,16046.0,16268.582
14191,15943.0,16250.877
14192,15956.0,16076.873
14193,15907.0,16084.279
14194,15653.0,16084.408
14195,15480.0,15890.887
14196,15381.0,15762.779
14197,15268.0,15691.393
14198,15227.0,15552.957
14199,15292.0,15433.192
14200,15889.0,15402.223
14201,16064.0,15977.509
14202,15142.0,16097.201
14203,14034.0,15080.284
14204,12137.0,14023.81
14205,11521.0,12353.956
14206,11384.0,11774.863
14207,11242.0,11820.247
14208,11151.0,11987.644
14209,11316.0,12142.78
14210,11393.0,12414.81
14211,11738.0,12487.221
14212,12530.0,12698.826
14213,13010.0,13335.385
14214,13331.0,13692.628
14215,13420.0,13899.979
14216,13397.0,13913.619
14217,13407.0,13841.062
14218,13280.0,13814.478
14219,13275.0,13685.538
14220,13380.0,13672.861
14221,13578.0,13794.16
14222,13526.0,14009.883
14223,13739.0,13933.819
14224,14160.0,14042.185
14225,14580.0,14356.712
14226,13929.0,14674.66
14227,13196.0,13901.253
14228,12916.0,13127.333
14229,12445.0,12869.781
14230,12172.0,12551.684
14231,12244.0,12435.683
14232,12196.0,12670.116
14233,12574.0,12820.779
14234,12826.0,13302.401
14235,13428.0,13625.693
14236,14097.0,14197.675
14237,14375.0,14799.29
14238,14468.0,14942.109
14239,14268.0,14881.789
14240,14123.0,14562.683
14241,13980.0,14344.443
14242,13934.0,14186.281
14243,13859.0,14167.195
14244,13899.0,14156.107
14245,13960.0,14255.402
14246,13866.0,14359.547
14247,13769.0,14256.006
14248,13940.0,14095.146
14249,14259.0,14198.325
14250,13689.0,14483.278
14251,12910.0,13880.111
14252,13507.0,13098.164
14253,13011.0,13670.245
14254,12678.0,13359.194
14255,12594.0,13110.043
14256,12826.0,13098.705
14257,13533.0,13406.733
14258,14891.0,14201.313
14259,15539.0,15698.846
14260,15839.0,16330.204
14261,16019.0,16432.52
14262,16220.0,16394.482
14263,16166.0,16433.113
14264,16150.0,16268.181
14265,16013.0,16207.546
14266,15864.0,16075.522
14267,15611.0,15961.707
14268,15470.0,15753.766
14269,15174.0,15654.253
14270,14970.0,15372.359
14271,14738.0,15153.156
14272,14961.0,14893.342
14273,15409.0,15122.88
14274,14809.0,15623.808
14275,13929.0,14982.216
14276,13323.0,14105.823
14277,12788.0,13553.959
14278,12577.0,13133.107
14279,12601.0,13048.984
14280,12730.0,13229.072
14281,13545.0,13508.301
14282,14826.0,14426.943
14283,15527.0,15838.152
14284,15760.0,16462.588
14285,15781.0,16432.098
14286,16030.0,16191.145
14287,15981.0,16276.465
14288,16109.0,16127.992
14289,16122.0,16228.507
14290,15974.0,16267.208
14291,15714.0,16154.182
14292,15799.0,15915.572
14293,15724.0,16031.246
14294,15743.0,15961.52
14295,15941.0,15941.051
14296,16283.0,16093.701
14297,16254.0,16400.838
14298,15276.0,16292.417
14299,14257.0,15209.859
14300,13143.0,14219.525
14301,12680.0,13231.348
14302,12432.0,12892.413
14303,12475.0,12861.08
14304,12785.0,13133.255
14305,13550.0,13644.798
14306,14894.0,14542.529
14307,15683.0,15981.83
14308,15864.0,16635.367
14309,15998.0,16505.67
14310,16106.0,16404.045
14311,16073.0,16367.534
14312,16019.0,16265.1875
14313,16064.0,16197.468
14314,15938.0,16276.896
14315,15658.0,16210.119
14316,15713.0,15961.925
14317,15654.0,16035.882
14318,15705.0,15955.065
14319,15661.0,15924.111
14320,16194.0,15752.425
14321,16106.0,16242.857
14322,15211.0,16055.14
14323,14097.0,15082.601
14324,13684.0,14029.924
14325,13287.0,13725.169
14326,13115.0,13535.342
14327,13094.0,13579.715
14328,13427.0,13771.6045
14329,14316.0,14268.273
14330,15641.0,15290.539
14331,16189.0,16721.186
14332,16124.0,17071.31
14333,16214.0,16661.756
14334,16199.0,16523.549
14335,16166.0,16365.62
14336,16049.0,16280.049
14337,15930.0,16172.864
14338,15883.0,16103.731
14339,15662.0,16132.56
14340,15697.0,15970.528
14341,15523.0,16036.8545
14342,15431.0,15830.924
14343,15302.0,15655.429
14344,15644.0,15427.763
14345,16130.0,15742.115
14346,15154.0,16259.328
14347,13924.0,15190.651
14348,12793.0,13994.818
14349,12531.0,12971.813
14350,12455.0,12790.909
14351,12351.0,12931.029
14352,12795.0,13068.478
14353,13687.0,13667.934
14354,15173.0,14693.706
14355,15977.0,16284.076
14356,16313.0,16918.023
14357,16638.0,16932.168
14358,16755.0,17015.201
14359,16721.0,16964.336
14360,16654.0,16843.385
14361,16590.0,16751.783
14362,16322.0,16713.275
14363,16001.0,16493.443
14364,15964.0,16212.276
14365,15912.0,16218.75
14366,15762.0,16174.366
14367,15880.0,15940.007
14368,16275.0,15961.683
14369,16366.0,16301.283
14370,15503.0,16314.549
14371,14498.0,15356.178
14372,12044.0,14413.793
14373,11581.0,12265.218
14374,11333.0,11775.155
14375,11257.0,11774.951
14376,11308.0,12017.575
14377,11374.0,12346.187
14378,11790.0,12558.825
14379,12232.0,12946.181
14380,13200.0,13265.63
14381,13659.0,14065.581
14382,13753.0,14360.202
14383,13816.0,14303.225
14384,13923.0,14262.104
14385,13876.0,14308.381
14386,13590.0,14246.6455
14387,13422.0,13967.712
14388,13370.0,13789.668
14389,13506.0,13753.797
14390,13652.0,13911.331
14391,13919.0,14052.567
14392,14532.0,14242.702
14393,14718.0,14752.204
14394,14060.0,14790.714
14395,13367.0,13983.395
14396,12922.0,13262.399
14397,12253.0,12879.472
14398,11858.0,12390.561
14399,11773.0,12159.018
14400,11923.0,12251.722
14401,12048.0,12596.246
14402,12449.0,12889.148
14403,13026.0,13338.771
14404,13754.0,13886.089
14405,14258.0,14515.871
14406,14247.0,14865.898
14407,14245.0,14674.101
14408,14187.0,14536.45
14409,14039.0,14409.855
14410,13961.0,14249.135
14411,13834.0,14190.719
14412,13902.0,14120.982
14413,13816.0,14245.675
14414,13721.0,14217.488
14415,13599.0,14114.461
14416,13896.0,13936.36
14417,14157.0,14162.272
14418,13610.0,14375.499
14419,12768.0,13765.695
14420,13346.0,12910.927
14421,12970.0,13452.644
14422,12707.0,13265.279
14423,12622.0,13111.645
14424,12742.0,13123.536
14425,13509.0,13333.727
14426,14762.0,14182.103
14427,15513.0,15582.923
14428,15682.0,16348.056
14429,15914.0,16312.062
14430,16103.0,16326.866
14431,16037.0,16339.988
14432,16084.0,16146.94
14433,15990.0,16139.247
14434,15788.0,16044.462
14435,15537.0,15866.433
14436,15485.0,15649.975
14437,15168.0,15645.091
14438,15063.0,15349.952
14439,15015.0,15242.51
14440,15401.0,15189.417
14441,15467.0,15602.809
14442,14653.0,15663.62
14443,13659.0,14785.932
14444,13455.0,13805.356
14445,12865.0,13645.512
14446,12590.0,13224.928
14447,12585.0,13082.594
14448,12858.0,13222.234
14449,13527.0,13630.511
14450,14883.0,14404.554
14451,15677.0,15872.807
14452,15966.0,16602.227
14453,16130.0,16634.855
14454,16264.0,16555.377
14455,16416.0,16517.547
14456,16452.0,16579.43
14457,16461.0,16584.475
14458,16379.0,16604.518
14459,16177.0,16553.998
14460,16264.0,16373.997
14461,16222.0,16490.434
14462,16154.0,16440.986
14463,16045.0,16306.204
14464,16352.0,16100.475
14465,16310.0,16378.537
14466,15256.0,16284.555
14467,14202.0,15148.869
14468,13156.0,14148.004
14469,12699.0,13243.071
14470,12341.0,12935.723
14471,12268.0,12812.911
14472,12454.0,12958.974
14473,13404.0,13330.169
14474,14797.0,14414.303
14475,15600.0,15939.908
14476,15798.0,16616.414
14477,15855.0,16501.818
14478,16217.0,16305.825
14479,16329.0,16534.086
14480,16438.0,16576.219
14481,16677.0,16666.434
14482,16659.0,16935.436
14483,16532.0,16953.666
14484,16453.0,16826.195
14485,16349.0,16718.715
14486,16153.0,16546.19
14487,16081.0,16231.6
14488,16563.0,16048.117
14489,16645.0,16521.285
14490,15673.0,16554.71
14491,14342.0,15475.528
14492,12937.0,14193.765
14493,12448.0,12957.631
14494,12197.0,12601.982
14495,12255.0,12609.209
14496,12504.0,12944.181
14497,13428.0,13438.351
14498,14913.0,14522.354
14499,15632.0,16143.391
14500,15691.0,16685.928
14501,15731.0,16389.924
14502,15996.0,16174.076
14503,15990.0,16298.976
14504,16165.0,16225.387
14505,16280.0,16392.4
14506,16313.0,16549.615
14507,16210.0,16632.943
14508,16144.0,16548.791
14509,15956.0,16457.451
14510,15930.0,16182.352
14511,15735.0,16044.868
14512,16077.0,15713.741
14513,16300.0,16013.179
14514,15456.0,16224.537
14515,14110.0,15309.314
14516,12267.0,14022.198
14517,12057.0,12396.356
14518,11888.0,12210.403
14519,11968.0,12328.021
14520,12338.0,12698.897
14521,13290.0,13307.8
14522,14771.0,14413.832
14523,15604.0,15998.114
14524,15835.0,16650.496
14525,15740.0,16532.951
14526,15875.0,16155.658
14527,15848.0,16137.758
14528,15950.0,16039.329
14529,15958.0,16132.562
14530,15971.0,16186.069
14531,15760.0,16262.381
14532,15761.0,16089.325
14533,15724.0,16085.448
14534,15689.0,15991.433
14535,15583.0,15833.761
14536,16024.0,15575.763
14537,16269.0,15964.058
14538,15119.0,16182.085
14539,13826.0,14947.845
14540,12017.0,13745.8125
14541,11677.0,12184.975
14542,11369.0,11881.674
14543,11230.0,11859.662
14544,11144.0,12013.536
14545,11282.0,12165.524
14546,11531.0,12401.189
14547,11991.0,12629.665
14548,12782.0,12970.478
14549,13198.0,13615.958
14550,13349.0,13900.737
14551,13330.0,13932.132
14552,13440.0,13829.875
14553,13355.0,13874.981
14554,13298.0,13778.399
14555,13307.0,13708.2705
14556,13481.0,13721.153
14557,13460.0,13908.974
14558,13588.0,13900.312
14559,13693.0,13963.163
14560,14082.0,13966.93
14561,14494.0,14237.484
14562,13847.0,14557.635
14563,13001.0,13816.441
14564,12650.0,12959.377
14565,12068.0,12639.681
14566,11914.0,12227.497
14567,11727.0,12209.12
14568,11644.0,12230.222
14569,11938.0,12315.162
14570,12466.0,12706.874
14571,12844.0,13299.676
14572,13596.0,13668.083
14573,14144.0,14324.9795
14574,14482.0,14754.48
14575,14469.0,14952.177
14576,14320.0,14815.418
14577,14292.0,14579.923
14578,14192.0,14503.413
14579,14101.0,14411.422
14580,14164.0,14353.78
14581,14081.0,14463.693
14582,13908.0,14427.911
14583,13940.0,14242.862
14584,14198.0,14221.255
14585,14221.0,14428.149
14586,13640.0,14391.809
14587,12816.0,13747.632
14588,13049.0,12923.605
14589,12487.0,13151.877
14590,12200.0,12784.656
14591,12089.0,12613.432
14592,12366.0,12627.3
14593,13149.0,13010.15
14594,14661.0,13907.511
14595,15369.0,15585.459
14596,15513.0,16281.247
14597,15726.0,16184.846
14598,15932.0,16164.286
14599,16097.0,16193.201
14600,16233.0,16252.506
14601,16354.0,16346.754
14602,16424.0,16473.244
14603,16190.0,16571.969
14604,16094.0,16339.496
14605,15742.0,16232.515
14606,15492.0,15839.264
14607,15275.0,15540.806
14608,15493.0,15291.728
14609,15611.0,15535.13
14610,14782.0,15692.213
14611,13542.0,14834.361
14612,13230.0,13637.954
14613,12982.0,13384.573
14614,12869.0,13309.607
14615,12878.0,13385.967
14616,13150.0,13567.009
14617,14026.0,13961.992
14618,15558.0,14936.395
14619,16082.0,16614.7
14620,16064.0,16997.746
14621,15883.0,16691.75
14622,15849.0,16266.252
14623,15835.0,16077.894
14624,15815.0,15993.343
14625,15814.0,15970.372
14626,15658.0,16011.67
14627,15481.0,15902.976
14628,15438.0,15743.947
14629,15279.0,15696.236
14630,15180.0,15489.413
14631,15309.0,15318.055
14632,15872.0,15402.748
14633,16061.0,15997.467
14634,15087.0,16190.709
14635,13835.0,15148.385
14636,14518.0,13939.586
14637,14181.0,14661.25
14638,14090.0,14569.398
14639,14154.0,14623.035
14640,14551.0,14809.583
14641,15461.0,15296.596
14642,17008.0,16296.8545
14643,17460.0,17981.846
14644,17278.0,18179.527
14645,16863.0,17635.5
14646,16522.0,16959.578
14647,16242.0,16489.725
14648,16083.0,16186.8955
14649,15843.0,16093.087
14650,15648.0,15969.484
14651,15365.0,15895.019
14652,15260.0,15695.357
14653,15085.0,15625.373
14654,14991.0,15424.885
14655,15086.0,15268.106
14656,15822.0,15315.956
14657,15974.0,16102.393
14658,15179.0,16244.54
14659,14044.0,15383.584
14660,13684.0,14269.217
14661,13291.0,13941.8955
14662,13225.0,13683.256
14663,13286.0,13757.472
14664,13662.0,13982.147
14665,14574.0,14479.156
14666,16222.0,15482.566
14667,16926.0,17255.012
14668,17045.0,17720.53
14669,17003.0,17461.041
14670,17125.0,17149.016
14671,16897.0,17149.334
14672,16685.0,16867.809
14673,16527.0,16676.393
14674,16233.0,16594.934
14675,15917.0,16400.498
14676,15979.0,16168.367
14677,16013.0,16312.305
14678,15987.0,16371.37
14679,16198.0,16263.914
14680,16854.0,16378.214
14681,17060.0,17011.895
14682,16180.0,17123.053
14683,15203.0,16093.968
14684,12305.0,15147.853
14685,11853.0,12544.914
14686,11870.0,11985.086
14687,11968.0,12215.9
14688,12245.0,12693.706
14689,13186.0,13284.951
14690,14846.0,14402.056
14691,15530.0,16177.603
14692,15848.0,16556.57
14693,16032.0,16468.799
14694,16302.0,16368.079
14695,16246.0,16508.771
14696,16141.0,16405.844
14697,15967.0,16304.598
14698,15912.0,16166.759
14699,15654.0,16179.064
14700,15684.0,16003.774
14701,15565.0,16086.994
14702,15584.0,15952.524
14703,15718.0,15858.963
14704,16310.0,15833.266
14705,16279.0,16325.685
14706,15443.0,16126.2295
14707,14332.0,15178.741
14708,12068.0,14140.5
14709,11436.0,12194.444
14710,11411.0,11600.994
14711,11190.0,11778.96
14712,11144.0,11951.84
14713,11302.0,12185.405
14714,11521.0,12488.729
14715,11873.0,12705.211
14716,12638.0,12920.572
14717,13143.0,13500.957
14718,13237.0,13845.87
14719,13341.0,13805.851
14720,13391.0,13813.606
14721,13387.0,13815.772
14722,13444.0,13794.322
14723,13420.0,13846.659
14724,13434.0,13847.058
14725,13604.0,13873.826
14726,13693.0,14037.803
14727,13794.0,14091.421
14728,14547.0,14089.923
14729,14518.0,14741.846
14730,13786.0,14581.302
14731,12934.0,13717.423
14732,13190.0,12843.647
14733,12445.0,13092.174
14734,12085.0,12593.708
14735,11814.0,12373.55
14736,11832.0,12276.624
14737,11899.0,12439.394
14738,12241.0,12643.591
14739,12660.0,13043.497
14740,13536.0,13466.753
14741,14153.0,14290.629
14742,14483.0,14821.745
14743,14601.0,15008.427
14744,14637.0,14987.865
14745,14597.0,14925.42
14746,14563.0,14832.015
14747,14397.0,14782.038
14748,14328.0,14635.202
14749,14276.0,14591.402
14750,14213.0,14576.395
14751,13955.0,14527.293
14752,14191.0,14236.464
14753,14295.0,14414.844
14754,13570.0,14476.19
14755,12642.0,13683.08
14756,13272.0,12744.3125
14757,12716.0,13342.934
14758,12433.0,13005.847
14759,12307.0,12834.725
14760,12473.0,12825.161
14761,13173.0,13092.937
14762,14575.0,13891.84
14763,15330.0,15454.311
14764,15584.0,16247.218
14765,15811.0,16315.314
14766,16083.0,16322.1
14767,16423.0,16413.78
14768,16564.0,16641.371
14769,16742.0,16714.045
14770,16769.0,16866.168
14771,16522.0,16883.965
14772,16491.0,16606.902
14773,16260.0,16564.662
14774,16062.0,16309.647
14775,15731.0,16080.065
14776,15954.0,15710.528
14777,16020.0,15967.852
14778,15250.0,16072.039
14779,14084.0,15265.149
14780,13144.0,14124.942
14781,12599.0,13278.3955
14782,12394.0,12868.918
14783,12272.0,12846.188
14784,12483.0,12938.21
14785,13244.0,13309.931
14786,14781.0,14195.025
14787,15338.0,15886.583
14788,15598.0,16339.334
14789,15733.0,16352.829
14790,15956.0,16259.542
14791,16036.0,16330.977
14792,16211.0,16320.285
14793,16443.0,16460.64
14794,16538.0,16709.926
14795,16367.0,16833.727
14796,16381.0,16644.533
14797,16241.0,16619.6
14798,16106.0,16400.81
14799,15904.0,16158.455
14800,16536.0,15847.559
14801,16476.0,16510.908
14802,15524.0,16405.287
14803,14085.0,15373.979
14804,13079.0,13987.524
14805,12630.0,13105.6875
14806,12403.0,12820.477
14807,12295.0,12840.182
14808,12480.0,12989.545
14809,13366.0,13364.735
14810,14879.0,14383.355
14811,15386.0,16040.484
14812,15645.0,16371.353
14813,15715.0,16350.135
14814,15836.0,16179.671
14815,15900.0,16156.944
14816,16108.0,16152.609
14817,16172.0,16354.842
14818,16216.0,16454.742
14819,16034.0,16538.357
14820,16027.0,16363.758
14821,16049.0,16332.588
14822,15911.0,16300.234
14823,15782.0,16041.087
14824,16365.0,15777.107
14825,16381.0,16348.142
14826,15385.0,16303.586
14827,14084.0,15219.185
14828,13149.0,13978.27
14829,12672.0,13173.435
14830,12449.0,12868.479
14831,12434.0,12883.246
14832,13228.0,13118.752
14833,13415.0,14124.807
14834,15194.0,14451.734
14835,15736.0,16329.204
14836,15973.0,16683.656
14837,16008.0,16622.451
14838,16193.0,16408.236
14839,16140.0,16457.172
14840,15944.0,16335.915
14841,16150.0,16119.802
14842,16100.0,16360.16
14843,15906.0,16389.762
14844,15778.0,16230.984
14845,15687.0,16094.454
14846,15537.0,15950.741
14847,15562.0,15695.083
14848,16193.0,15617.813
14849,16267.0,16247.375
14850,15240.0,16261.188
14851,13990.0,15135.572
14852,12726.0,13943.005
14853,12603.0,12833.319
14854,12295.0,12796.901
14855,12349.0,12777.951
14856,12594.0,13065.8955
14857,13587.0,13514.771
14858,15260.0,14639.96
14859,15926.0,16465.219
14860,16138.0,16913.445
14861,16173.0,16770.178
14862,16138.0,16526.854
14863,16078.0,16326.485
14864,16028.0,16195.67
14865,15971.0,16145.1
14866,15899.0,16140.4
14867,15676.0,16149.755
14868,15521.0,15990.739
14869,15461.0,15850.18
14870,15351.0,15755.525
14871,15535.0,15546.014
14872,16176.0,15632.562
14873,16097.0,16252.1045
14874,15093.0,16065.617
14875,13961.0,14977.591
14876,12202.0,13916.79
14877,11879.0,12389.401
14878,11646.0,12098.141
14879,11635.0,12127.544
14880,11608.0,12396.18
14881,11763.0,12609.564
14882,11976.0,12854.428
14883,12364.0,13030.639
14884,13163.0,13283.193
14885,13652.0,13929.96
14886,13790.0,14288.383
14887,13880.0,14307.8
14888,13887.0,14312.831
14889,13848.0,14274.576
14890,13713.0,14215.895
14891,13579.0,14084.21
14892,13644.0,13959.489
14893,13745.0,14035.092
14894,13769.0,14157.153
14895,13938.0,14153.748
14896,14771.0,14234.572
14897,14755.0,15000.627
14898,14122.0,14855.549
14899,13361.0,14086.343
14900,12778.0,13296.917
14901,12090.0,12771.822
14902,11819.0,12242.87
14903,11603.0,12112.682
14904,11672.0,12107.223
14905,11864.0,12350.87
14906,12288.0,12689.025
14907,12787.0,13169.326
14908,13564.0,13642.376
14909,14080.0,14325.143
14910,14272.0,14707.919
14911,14275.0,14744.825
14912,14240.0,14624.573
14913,14146.0,14513.801
14914,14125.0,14391.375
14915,13927.0,14374.599
14916,14017.0,14221.469
14917,14005.0,14341.851
14918,14095.0,14379.573
14919,14125.0,14464.853
14920,14546.0,14441.367
14921,14300.0,14788.824
14922,13711.0,14434.427
14923,12889.0,13753.528
14924,13158.0,12932.643
14925,12674.0,13204.785
14926,12557.0,12929.442
14927,12405.0,12938.751
14928,12697.0,12942.069
14929,13559.0,13334.224
14930,15074.0,14310.718
14931,15882.0,15999.144
14932,15957.0,16781.863
14933,15850.0,16583.545
14934,15873.0,16212.701
14935,15885.0,16056.492
14936,15905.0,15975.971
14937,15948.0,15979.211
14938,15922.0,16061.0625
14939,15749.0,16095.762
14940,15734.0,15959.184
14941,15773.0,15957.483
14942,15411.0,15986.826
14943,15209.0,15538.256
14944,15593.0,15260.356
14945,15554.0,15660.843
14946,14710.0,15635.4795
14947,13527.0,14780.082
14948,13689.0,13659.792
14949,13387.0,13869.393
14950,13337.0,13782.78
14951,13475.0,13892.136
14952,13794.0,14172.2295
14953,14871.0,14588.327
14954,16465.0,15757.261
14955,17154.0,17494.342
14956,16823.0,17996.543
14957,16574.0,17274.26
14958,16332.0,16790.428
14959,16168.0,16406.785
14960,16110.0,16197.579
14961,16117.0,16178.855
14962,16025.0,16285.503
14963,15861.0,16293.246
14964,15848.0,16172.143
14965,15682.0,16152.755
14966,15525.0,15908.676
14967,15481.0,15647.267
14968,16263.0,15534.246
14969,16261.0,16394.902
14970,15261.0,16390.49
14971,14045.0,15346.684
14972,14775.0,14186.158
14973,14550.0,14979.006
14974,14529.0,15003.551
14975,14648.0,15128.651
14976,15103.0,15355.829
14977,16086.0,15880.122
14978,17776.0,16937.922
14979,18344.0,18776.092
14980,17892.0,19043.018
14981,17362.0,18132.148
14982,17043.0,17351.791
14983,16642.0,16929.436
14984,16281.0,16524.377
14985,15984.0,16241.015
14986,15937.0,16077.751
14987,15697.0,16195.877
14988,15554.0,16068.997
14989,15357.0,15949.945
14990,15298.0,15694.951
14991,15361.0,15553.107
14992,16158.0,15556.093
14993,16255.0,16423.885
14994,15465.0,16511.725
14995,14373.0,15672.202
14996,15465.0,14611.752
14997,15239.0,15786.021
14998,15213.0,15774.886
14999,15385.0,15843.926
15000,15758.0,16082.519
15001,16703.0,16489.877
15002,18383.0,17490.637
15003,18847.0,19325.559
15004,18460.0,19445.355
15005,17850.0,18600.223
15006,17326.0,17708.594
15007,16826.0,17069.916
15008,16605.0,16577.111
15009,16408.0,16474.438
15010,16060.0,16463.531
15011,15658.0,16282.116
15012,15614.0,15979.944
15013,15501.0,16002.702
15014,15408.0,15885.793
15015,15682.0,15734.093
15016,16685.0,15986.479
15017,16785.0,17098.656
15018,16145.0,17132.855
15019,15239.0,16396.117
15020,14569.0,15473.369
15021,14221.0,14839.846
15022,14316.0,14572.499
15023,14460.0,14806.978
15024,14846.0,15137.748
15025,15839.0,15657.164
15026,17410.0,16759.123
15027,18204.0,18439.262
15028,18224.0,18937.143
15029,17917.0,18490.188
15030,17832.0,17872.686
15031,17669.0,17688.586
15032,17546.0,17525.793
15033,17448.0,17489.574
15034,17097.0,17530.057
15035,16756.0,17299.566
15036,16694.0,17042.633
15037,16648.0,17051.004
15038,16603.0,17007.943
15039,16897.0,16880.65
15040,17753.0,17109.584
15041,17765.0,18004.652
15042,16920.0,17841.541
15043,15985.0,16827.762
15044,13092.0,15906.117
15045,12756.0,13228.878
15046,12497.0,12818.718
15047,12421.0,12843.498
15048,12565.0,13112.176
15049,12760.0,13552.294
15050,13221.0,13895.397
15051,13643.0,14316.658
15052,14379.0,14562.18
15053,15001.0,15100.681
15054,14989.0,15553.901
15055,15121.0,15398.83
15056,15076.0,15475.684
15057,14957.0,15422.729
15058,14887.0,15315.176
15059,14707.0,15268.837
15060,14821.0,15130.505
15061,15100.0,15277.578
15062,15320.0,15597.484
15063,15678.0,15779.895
15064,16524.0,16012.913
15065,16339.0,16756.098
15066,15720.0,16277.601
15067,15098.0,15462.111
15068,12671.0,14810.928
15069,12126.0,12611.401
15070,11877.0,12060.257
15071,11836.0,12044.681
15072,11898.0,12332.718
15073,12246.0,12715.304
15074,12798.0,13259.006
15075,13222.0,13866.316
15076,13954.0,14186.289
15077,14589.0,14742.152
15078,14891.0,15205.268
15079,14987.0,15361.636
15080,14873.0,15366.59
15081,14603.0,15204.557
15082,14604.0,14911.751
15083,14493.0,14899.765
15084,14442.0,14838.224
15085,14580.0,14833.673
15086,14541.0,15004.364
15087,14630.0,14938.726
15088,15236.0,14918.06
15089,14973.0,15428.714
15090,14394.0,14983.722
15091,13652.0,14276.206
15092,13531.0,13531.858
15093,13041.0,13480.974
15094,12806.0,13193.115
15095,12627.0,13136.046
15096,12839.0,13150.697
15097,13553.0,13513.138
15098,14945.0,14373.071
15099,15730.0,15939.784
15100,15821.0,16698.357
15101,15996.0,16500.168
15102,16197.0,16417.795
15103,16117.0,16434.627
15104,16078.0,16236.091
15105,16163.0,16154.557
15106,16042.0,16264.816
15107,15704.0,16199.238
15108,15543.0,15895.807
15109,15277.0,15758.168
15110,14971.0,15496.714
15111,14943.0,15157.508
15112,15460.0,15101.075
15113,15177.0,15650.439
15114,14396.0,15313.649
15115,13451.0,14479.599
15116,13362.0,13567.309
15117,12919.0,13538.395
15118,12816.0,13285.157
15119,12907.0,13331.516
15120,13201.0,13581.294
15121,14083.0,14004.485
15122,15695.0,14985.841
15123,16390.0,16754.982
15124,16338.0,17323.783
15125,16299.0,16935.195
15126,16388.0,16637.16
15127,16370.0,16562.045
15128,16328.0,16460.951
15129,16480.0,16404.645
15130,16362.0,16606.85
15131,16161.0,16547.643
15132,16239.0,16365.57
15133,15931.0,16458.701
15134,15922.0,16088.103
15135,16015.0,16016.969
15136,16666.0,16068.9795
15137,16254.0,16776.496
15138,15433.0,16265.244
15139,14214.0,15404.418
15140,13461.0,14239.804
15141,12981.0,13589.63
15142,12770.0,13275.05
15143,12686.0,13267.595
15144,12942.0,13396.62
15145,13791.0,13806.344
15146,15389.0,14766.55
15147,16127.0,16500.37
15148,16217.0,17064.238
15149,16158.0,16808.668
15150,16229.0,16497.01
15151,16113.0,16434.744
15152,15989.0,16262.693
15153,15960.0,16141.0205
15154,15833.0,16163.719
15155,15597.0,16116.843
15156,15415.0,15935.691
15157,15177.0,15762.646
15158,15148.0,15474.287
15159,15392.0,15361.155
15160,16265.0,15533.819
15161,16172.0,16429.6
15162,15230.0,16205.392
15163,14168.0,15156.178
15164,13638.0,14139.337
15165,13221.0,13710.561
15166,13027.0,13475.418
15167,12991.0,13487.948
15168,13255.0,13666.251
15169,14201.0,14101.105
15170,15872.0,15187.232
15171,16623.0,17034.977
15172,16677.0,17580.803
15173,16625.0,17218.867
15174,16547.0,16866.586
15175,16425.0,16616.13
15176,16227.0,16431.47
15177,16229.0,16248.832
15178,16124.0,16330.072
15179,15739.0,16343.054
15180,15665.0,16033.778
15181,15628.0,15999.731
15182,15500.0,15965.171
15183,15700.0,15757.396
15184,16563.0,15878.38
15185,16289.0,16767.61
15186,15373.0,16325.368
15187,14281.0,15310.717
15188,12904.0,14261.412
15189,12659.0,13042.82
15190,12743.0,12872.723
15191,12878.0,13194.655
15192,13157.0,13621.657
15193,14168.0,14105.772
15194,15836.0,15238.829
15195,16620.0,17035.178
15196,16814.0,17568.121
15197,16657.0,17362.045
15198,16605.0,16895.676
15199,16433.0,16691.943
15200,16328.0,16462.326
15201,16166.0,16376.498
15202,16113.0,16290.777
15203,15844.0,16346.706
15204,15739.0,16167.38
15205,15467.0,16094.685
15206,15573.0,15769.5625
15207,15720.0,15793.0205
15208,16515.0,15840.219
15209,16372.0,16639.238
15210,15316.0,16357.171
15211,14276.0,15207.932
15212,13170.0,14238.582
15213,12830.0,13291.412
15214,12711.0,13081.301
15215,12707.0,13200.695
15216,12726.0,13456.0205
15217,13038.0,13665.619
15218,13476.0,14041.789
15219,13776.0,14440.1875
15220,14354.0,14589.79
15221,14611.0,14994.241
15222,14351.0,15086.089
15223,14247.0,14695.016
15224,14128.0,14520.411
15225,13792.0,14395.486
15226,13611.0,14101.724
15227,13469.0,13960.138
15228,13658.0,13886.476
15229,13695.0,14134.939
15230,13891.0,14220.865
15231,14029.0,14377.374
15232,14916.0,14420.463
15233,14875.0,15238.9
15234,14310.0,15068.876
15235,13621.0,14388.321
15236,13614.0,13676.114
15237,13332.0,13685.889
15238,13089.0,13551.024
15239,13082.0,13450.797
15240,13181.0,13572.393
15241,13485.0,13794.273
15242,14071.0,14171.241
15243,14639.0,14779.942
15244,15222.0,15300.527
15245,15475.0,15766.67
15246,15335.0,15850.045
15247,15272.0,15547.501
15248,14967.0,15397.628
15249,14678.0,15071.783
15250,14391.0,14806.399
15251,14203.0,14583.767
15252,14181.0,14481.969
15253,14131.0,14554.862
15254,14267.0,14577.051
15255,14493.0,14726.061
15256,15216.0,14918.914
15257,15072.0,15615.746
15258,14410.0,15337.316
15259,13863.0,14551.677
15260,14965.0,13971.346
15261,14566.0,15127.88
15262,14371.0,14905.63
15263,14328.0,14784.681
15264,14571.0,14806.939
15265,15216.0,15114.539
15266,16577.0,15843.987
15267,17421.0,17364.656
15268,17244.0,18175.768
15269,17255.0,17646.348
15270,17205.0,17422.445
15271,16961.0,17205.355
15272,16766.0,16872.633
15273,16551.0,16681.2
15274,16321.0,16531.13
15275,15950.0,16396.914
15276,15843.0,16111.032
15277,15809.0,16087.088
15278,15812.0,16116.817
15279,15936.0,16134.956
15280,16337.0,16245.842
15281,15899.0,16652.564
15282,15325.0,16095.59
15283,14448.0,15468.311
15284,14685.0,14605.737
15285,14214.0,14917.687
15286,14161.0,14616.149
15287,14195.0,14680.064
15288,14478.0,14838.567
15289,15266.0,15210.21
15290,16962.0,16080.112
15291,17781.0,17963.057
15292,17698.0,18627.996
15293,17747.0,18144.135
15294,17701.0,17960.432
15295,17586.0,17757.127
15296,17463.0,17578.266
15297,17331.0,17467.49
15298,17057.0,17399.082
15299,16870.0,17195.283
15300,16969.0,17075.35
15301,17180.0,17249.271
15302,17336.0,17492.736
15303,17686.0,17585.062
15304,18037.0,17864.877
15305,17660.0,18135.764
15306,16722.0,17576.324
15307,15703.0,16549.064
15308,14429.0,15584.094
15309,14176.0,14451.892
15310,13915.0,14346.869
15311,13953.0,14363.058
15312,14304.0,14654.112
15313,15193.0,15208.313
15314,16664.0,16235.735
15315,17624.0,17807.816
15316,17492.0,18546.053
15317,17179.0,17923.09
15318,16923.0,17346.738
15319,16502.0,16981.207
15320,16228.0,16540.473
15321,16051.0,16318.923
15322,15752.0,16257.429
15323,15474.0,16097.62
15324,15319.0,15924.209
15325,15239.0,15817.017
15326,15439.0,15703.357
15327,15805.0,15816.41
15328,16907.0,16071.092
15329,16863.0,17189.008
15330,16221.0,16929.738
15331,15303.0,16171.439
15332,13946.0,15274.715
15333,13408.0,14043.777
15334,13133.0,13595.004
15335,13114.0,13515.37
15336,13352.0,13743.634
15337,14135.0,14217.753
15338,15593.0,15169.42
15339,16507.0,16755.012
15340,16391.0,17460.305
15341,16359.0,16831.072
15342,16391.0,16505.861
15343,16358.0,16400.09
15344,16262.0,16352.603
15345,16216.0,16319.021
15346,15996.0,16379.798
15347,15887.0,16278.156
15348,15864.0,16270.913
15349,15926.0,16324.611
15350,16072.0,16399.701
15351,16371.0,16476.986
15352,17146.0,16656.955
15353,16800.0,17372.246
15354,16065.0,16749.232
15355,15076.0,15877.091
15356,14283.0,14898.618
15357,14100.0,14221.918
15358,13928.0,14205.415
15359,14059.0,14291.232
15360,14353.0,14666.881
15361,15171.0,15167.998
15362,16652.0,16131.382
15363,17544.0,17757.47
15364,17674.0,18468.86
15365,17573.0,18181.506
15366,17728.0,17776.879
15367,17344.0,17807.098
15368,17164.0,17331.95
15369,16867.0,17168.928
15370,16637.0,16940.184
15371,16325.0,16811.572
15372,16209.0,16597.63
15373,16344.0,16555.768
15374,16255.0,16734.63
15375,16491.0,16561.768
15376,17032.0,16705.227
15377,16547.0,17198.193
15378,15695.0,16502.729
15379,14676.0,15583.832
15380,14167.0,14630.07
15381,13805.0,14253.943
15382,13622.0,14095.212
15383,13644.0,14137.568
15384,13848.0,14372.196
15385,14083.0,14734.771
15386,14475.0,15022.502
15387,14913.0,15355.6875
15388,15586.0,15659.724
15389,16047.0,16197.765
15390,16043.0,16511.643
15391,16061.0,16354.983
15392,15935.0,16293.657
15393,15828.0,16135.994
15394,15549.0,16038.03
15395,15295.0,15791.649
15396,15353.0,15575.402
15397,15359.0,15690.082
15398,15607.0,15743.065
15399,15905.0,15995.212
15400,16515.0,16244.607
15401,16244.0,16803.838
15402,15498.0,16321.47
15403,14822.0,15425.437
15404,14934.0,14735.221
15405,14419.0,14935.741
15406,14335.0,14600.301
15407,14332.0,14670.477
15408,14538.0,14843.208
15409,14998.0,15191.849
15410,15517.0,15751.7
15411,16132.0,16290.241
15412,16556.0,16842.205
15413,16851.0,17112.0
15414,16854.0,17235.969
15415,16593.0,17078.986
15416,16136.0,16708.697
15417,15580.0,16202.433
15418,15115.0,15651.798
15419,14853.0,15240.157
15420,14781.0,15076.128
15421,14898.0,15128.92
15422,14967.0,15353.236
15423,15415.0,15448.239
15424,16042.0,15876.286
15425,15874.0,16461.828
15426,15445.0,16108.823
15427,14710.0,15560.815
15428,14552.0,14799.382
15429,14059.0,14691.38
15430,13872.0,14334.739
15431,13833.0,14273.242
15432,14187.0,14385.501
15433,14873.0,14881.052
15434,16125.0,15696.774
15435,16958.0,17063.578
15436,17147.0,17780.234
15437,17331.0,17620.895
15438,17411.0,17544.09
15439,17348.0,17452.97
15440,17230.0,17314.96
15441,17081.0,17203.54
15442,16690.0,17115.016
15443,16418.0,16793.975
15444,16329.0,16601.816
15445,16303.0,16604.781
15446,16338.0,16638.787
15447,16479.0,16667.936
15448,17120.0,16751.576
15449,16896.0,17389.76
15450,16356.0,16971.043
15451,15582.0,16312.941
15452,14146.0,15526.239
15453,13835.0,14184.248
15454,13774.0,13966.239
15455,13743.0,14131.333
15456,14072.0,14360.448
15457,14987.0,14897.725
15458,16414.0,15994.51
15459,17386.0,17574.078
15460,17294.0,18391.355
15461,17388.0,17822.236
15462,17462.0,17659.318
15463,17314.0,17576.79
15464,17181.0,17357.357
15465,16982.0,17234.164
15466,16780.0,17092.357
15467,16534.0,16973.678
15468,16712.0,16805.85
15469,16711.0,17076.457
15470,16786.0,17080.182
15471,17057.0,17070.715
15472,17371.0,17239.361
15473,17077.0,17447.39
15474,16288.0,16979.719
15475,15281.0,16106.869
15476,15319.0,15151.892
15477,14878.0,15342.115
15478,14652.0,15133.628
15479,14554.0,15108.985
15480,14861.0,15192.714
15481,15661.0,15647.214
15482,16963.0,16583.709
15483,17761.0,18009.033
15484,17517.0,18639.139
15485,17196.0,17944.979
15486,17010.0,17355.39
15487,16778.0,17042.73
15488,16577.0,16783.6
15489,16359.0,16635.645
15490,16062.0,16518.023
15491,15692.0,16327.761
15492,15565.0,16033.666
15493,15409.0,15956.677
15494,15512.0,15799.377
15495,15952.0,15867.702
15496,16793.0,16284.702
15497,16485.0,17151.404
15498,15719.0,16642.355
15499,14883.0,15767.082
15500,16752.0,14940.058
15501,16496.0,17044.336
15502,16574.0,16969.754
15503,16643.0,17142.918
15504,17029.0,17253.424
15505,17961.0,17672.666
15506,19428.0,18696.734
15507,20283.0,20321.197
15508,20085.0,20990.135
15509,19567.0,20290.312
15510,19108.0,19427.883
15511,18630.0,18804.012
15512,18170.0,18282.318
15513,17861.0,17886.271
15514,17549.0,17728.06
15515,17191.0,17586.512
15516,17047.0,17359.062
15517,16977.0,17317.658
15518,17037.0,17287.982
15519,17436.0,17345.426
15520,18008.0,17771.742
15521,17626.0,18382.236
15522,16893.0,17826.8
15523,15927.0,17020.613
15524,15290.0,16062.025
15525,15114.0,15507.333
15526,15250.0,15475.0205
15527,15438.0,15820.944
15528,15771.0,16206.9795
15529,16738.0,16646.396
15530,18335.0,17699.557
15531,19363.0,19407.443
15532,19411.0,20180.64
15533,19333.0,19717.98
15534,19010.0,19374.803
15535,18511.0,18891.371
15536,18225.0,18344.975
15537,18007.0,18124.668
15538,17576.0,18042.816
15539,17248.0,17746.523
15540,17175.0,17534.709
15541,17122.0,17554.736
15542,17260.0,17494.139
15543,17894.0,17555.664
15544,18888.0,18161.496
15545,18718.0,19176.588
15546,18047.0,18692.594
15547,17231.0,17891.463
15548,14711.0,17102.791
15549,14412.0,14694.154
15550,14257.0,14435.992
15551,14328.0,14579.851
15552,14562.0,15007.404
15553,14914.0,15544.965
15554,15455.0,16021.537
15555,16040.0,16487.879
15556,16517.0,16844.64
15557,16513.0,17033.793
15558,16128.0,16751.1
15559,15561.0,16221.055
15560,15324.0,15637.618
15561,14780.0,15458.059
15562,14290.0,15034.039
15563,13936.0,14662.024
15564,13784.0,14433.497
15565,14091.0,14397.727
15566,14412.0,14790.23
15567,15214.0,15117.232
15568,16241.0,15847.339
15569,16294.0,16765.367
15570,16035.0,16500.607
15571,15615.0,16051.05
15572,13991.0,15579.012
15573,13824.0,14038.585
15574,13608.0,13864.68
15575,13567.0,13845.925
15576,13673.0,14036.071
15577,14046.0,14368.878
15578,14642.0,14890.884
15579,15270.0,15516.474
15580,15777.0,16017.123
15581,16180.0,16276.253
15582,16280.0,16435.121
15583,16258.0,16354.486
15584,15860.0,16270.283
15585,15688.0,15880.587
15586,15434.0,15774.421
15587,15132.0,15629.45
15588,15031.0,15444.509
15589,15091.0,15454.433
15590,15253.0,15612.157
15591,15605.0,15807.687
15592,16399.0,16114.625
15593,16304.0,16853.277
15594,15870.0,16491.389
15595,15271.0,15847.949
15596,15486.0,15172.196
15597,15174.0,15455.167
15598,15085.0,15287.538
15599,15124.0,15351.8
15600,15369.0,15557.353
15601,16101.0,15957.296
15602,17318.0,16848.703
15603,18035.0,18239.896
15604,18211.0,18855.357
15605,17984.0,18704.236
15606,17625.0,18139.3
15607,17198.0,17563.355
15608,16709.0,17041.324
15609,16181.0,16559.654
15610,15801.0,16112.637
15611,15482.0,15866.906
15612,15228.0,15704.364
15613,15220.0,15580.8
15614,15127.0,15661.865
15615,15451.0,15576.111
15616,16137.0,15890.11
15617,15844.0,16592.73
15618,15444.0,16144.762
15619,14598.0,15670.465
15620,15514.0,14813.325
15621,15051.0,15820.008
15622,14975.0,15512.5205
15623,15074.0,15514.834
15624,15386.0,15696.737
15625,16421.0,16078.996
15626,18043.0,17232.057
15627,19009.0,19044.053
15628,18877.0,19836.766
15629,18553.0,19184.78
15630,18304.0,18521.562
15631,17942.0,18098.957
15632,17610.0,17674.824
15633,17280.0,17391.172
15634,16898.0,17179.475
15635,16458.0,16940.203
15636,16155.0,16622.572
15637,16077.0,16411.572
15638,16034.0,16395.115
15639,16684.0,16350.342
15640,17602.0,17061.518
15641,17597.0,18049.398
15642,17091.0,17851.111
15643,16025.0,17203.404
15644,14685.0,16080.941
15645,14221.0,14802.834
15646,13997.0,14417.062
15647,14004.0,14385.518
15648,14229.0,14633.376
15649,15065.0,15079.744
15650,16411.0,16087.472
15651,17267.0,17553.115
15652,17042.0,18183.047
15653,16954.0,17425.521
15654,17118.0,17065.096
15655,17140.0,17126.645
15656,17106.0,17145.889
15657,17097.0,17182.469
15658,17084.0,17283.824
15659,16951.0,17391.633
15660,17142.0,17342.744
15661,17395.0,17607.117
15662,17497.0,17875.854
15663,17671.0,17860.791
15664,17846.0,17875.59
15665,17712.0,17892.186
15666,17046.0,17596.797
15667,16106.0,16812.998
15668,15561.0,15883.831
15669,15166.0,15465.503
15670,15152.0,15265.763
15671,15204.0,15488.857
15672,15396.0,15780.305
15673,16329.0,16139.728
15674,17899.0,17240.055
15675,18739.0,19012.139
15676,18619.0,19637.613
15677,18398.0,19046.133
15678,18286.0,18558.693
15679,17964.0,18327.986
15680,17869.0,17957.92
15681,17593.0,17921.611
15682,17214.0,17734.396
15683,16980.0,17440.217
15684,16949.0,17289.09
15685,16947.0,17325.934
15686,17014.0,17316.127
15687,17455.0,17301.625
15688,17690.0,17690.719
15689,17243.0,17806.656
15690,16441.0,17177.164
15691,15482.0,16319.236
15692,15499.0,15425.164
15693,15385.0,15602.918
15694,15396.0,15729.355
15695,15646.0,15963.987
15696,16241.0,16404.268
15697,17315.0,17147.123
15698,18930.0,18341.494
15699,19950.0,20070.459
15700,19747.0,20816.25
15701,19359.0,20020.158
15702,19180.0,19329.578
15703,18634.0,19040.574
15704,18126.0,18432.98
15705,17740.0,17970.666
15706,17384.0,17708.68
15707,17098.0,17512.137
15708,17090.0,17367.855
15709,17191.0,17466.184
15710,17458.0,17577.018
15711,18066.0,17773.691
15712,18501.0,18330.508
15713,18105.0,18647.992
15714,17300.0,18036.486
15715,16314.0,17181.143
15716,14295.0,16267.339
15717,14002.0,14413.6455
15718,13793.0,14183.859
15719,13834.0,14268.338
15720,13953.0,14618.965
15721,14177.0,14967.12
15722,14786.0,15236.399
15723,15416.0,15754.475
15724,15692.0,16183.234
15725,16088.0,16180.709
15726,15757.0,16414.12
15727,15587.0,15954.247
15728,15413.0,15778.837
15729,15219.0,15653.479
15730,14957.0,15539.645
15731,14782.0,15369.882
15732,15044.0,15277.96
15733,15294.0,15624.443
15734,15354.0,15923.099
15735,16011.0,15882.501
15736,17024.0,16427.98
15737,17013.0,17366.201
15738,16501.0,17057.979
15739,15904.0,16347.94
15740,14271.0,15712.831
15741,13852.0,14168.5205
15742,13614.0,13809.399
15743,13567.0,13790.268
15744,13712.0,14017.561
15745,14066.0,14420.898
15746,14749.0,14939.731
15747,15479.0,15665.2705
15748,16025.0,16293.728
15749,16409.0,16610.852
15750,16413.0,16765.98
15751,16133.0,16592.598
15752,15853.0,16234.437
15753,15609.0,15958.566
15754,15446.0,15769.965
15755,15312.0,15701.502
15756,15459.0,15685.464
15757,15542.0,15951.404
15758,15543.0,16101.401
15759,15975.0,16042.976
15760,16272.0,16382.804
15761,16047.0,16523.627
15762,15611.0,16079.346
15763,14906.0,15518.878
15764,14183.0,14803.915
15765,13769.0,14171.916
15766,13740.0,13899.56
15767,13816.0,14059.361
15768,14032.0,14365.498
15769,15028.0,14768.603
15770,16710.0,15930.262
15771,17845.0,17835.127
15772,17796.0,18863.232
15773,17628.0,18309.203
15774,17495.0,17819.568
15775,17078.0,17503.883
15776,16950.0,16995.693
15777,16720.0,16891.855
15778,16654.0,16756.982
15779,16478.0,16828.734
15780,16295.0,16776.553
15781,16332.0,16644.973
15782,16244.0,16679.71
15783,16394.0,16494.63
15784,16695.0,16549.025
15785,16438.0,16789.598
15786,15954.0,16426.082
15787,14884.0,15923.818
15788,15631.0,14905.755
15789,15391.0,15811.551
15790,15351.0,15804.283
15791,15470.0,15919.861
15792,15667.0,16161.329
15793,16606.0,16424.074
15794,18218.0,17460.506
15795,19285.0,19257.736
15796,19142.0,20185.037
15797,18604.0,19514.596
15798,17815.0,18614.771
15799,16944.0,17609.594
15800,16733.0,16667.838
15801,16501.0,16533.758
15802,16245.0,16491.65
15803,15859.0,16440.186
15804,15625.0,16193.048
15805,15489.0,16021.085
15806,15517.0,15876.194
15807,16016.0,15854.214
15808,16849.0,16348.566
15809,16559.0,17233.768
15810,15817.0,16788.734
15811,14843.0,15983.91
15812,16276.0,15037.335
15813,16092.0,16630.656
15814,16138.0,16663.98
15815,16041.0,16807.863
15816,16041.0,16736.627
15817,17201.0,16703.02
15818,18966.0,17963.037
15819,19777.0,19953.557
15820,19476.0,20491.035
15821,18871.0,19626.352
15822,18267.0,18671.77
15823,17634.0,17909.537
15824,17247.0,17257.615
15825,16834.0,16983.016
15826,16521.0,16754.717
15827,16120.0,16651.27
15828,15949.0,16415.05
15829,15822.0,16352.55
15830,15936.0,16252.138
15831,16556.0,16346.881
15832,17605.0,16988.264
15833,17593.0,18119.371
15834,17014.0,17907.695
15835,16126.0,17192.207
15836,15942.0,16269.353
15837,15711.0,16151.949
15838,15439.0,16048.071
15839,15599.0,15915.203
15840,16026.0,16223.889
15841,16991.0,16808.021
15842,18614.0,17919.97
15843,19671.0,19702.56
15844,19382.0,20491.3
15845,19006.0,19518.283
15846,18798.0,18822.854
15847,18236.0,18505.426
15848,17818.0,17916.604
15849,17593.0,17600.664
15850,17198.0,17560.012
15851,16935.0,17357.934
15852,16798.0,17266.502
15853,16836.0,17248.36
15854,17129.0,17324.121
15855,17873.0,17589.002
15856,18673.0,18317.459
15857,18547.0,19046.36
15858,17832.0,18619.258
15859,17118.0,17731.877
15860,16527.0,17032.89
15861,16341.0,16545.627
15862,16605.0,16534.592
15863,16549.0,17056.723
15864,16719.0,17217.068
15865,17681.0,17513.045
15866,19297.0,18637.518
15867,20413.0,20439.838
15868,20251.0,21302.615
15869,19892.0,20448.3
15870,19280.0,19741.57
15871,18553.0,18937.865
15872,18039.0,18187.512
15873,17455.0,17783.494
15874,17137.0,17372.342
15875,16824.0,17283.64
15876,16836.0,17190.562
15877,16965.0,17378.148
15878,17243.0,17566.943
15879,17911.0,17779.043
15880,18520.0,18374.383
15881,18246.0,18842.193
15882,17504.0,18275.562
15883,16557.0,17415.42
15884,17344.0,16497.955
15885,17206.0,17526.938
15886,17180.0,17614.477
15887,17259.0,17764.69
15888,17407.0,17974.541
15889,17860.0,18175.006
15890,18483.0,18636.225
15891,18591.0,19196.422
15892,18522.0,19012.705
15893,18299.0,18663.18
15894,17884.0,18235.639
15895,17415.0,17714.814
15896,16802.0,17254.07
15897,16273.0,16715.93
15898,15997.0,16318.565
15899,15819.0,16216.238
15900,15864.0,16215.252
15901,16100.0,16406.514
15902,17193.0,16731.291
15903,18120.0,17976.99
15904,18013.0,18888.23
15905,17634.0,18419.316
15906,17038.0,17802.59
15907,16387.0,17077.787
15908,15883.0,16411.953
15909,15867.0,15976.2
15910,15857.0,16107.355
15911,16075.0,16299.883
15912,16287.0,16699.254
15913,16841.0,16997.635
15914,17231.0,17561.514
15915,18031.0,17805.875
15916,18600.0,18502.357
15917,18828.0,18891.06
15918,18815.0,18942.027
15919,18709.0,18831.633
15920,18736.0,18717.334
15921,18738.0,18821.885
15922,18583.0,18926.428
15923,18761.0,18851.89
15924,18964.0,19152.799
15925,19542.0,19431.781
15926,20135.0,20087.092
15927,19859.0,20630.203
15928,19289.0,19955.11
15929,18540.0,19079.455
15930,17864.0,18160.121
15931,15892.0,17487.291
15932,15600.0,15538.422
15933,15549.0,15434.463
15934,15620.0,15724.419
15935,15927.0,16137.828
15936,16803.0,16710.025
15937,18391.0,17799.66
15938,18998.0,19608.668
15939,19109.0,19884.584
15940,19351.0,19623.012
15941,19677.0,19694.41
15942,19662.0,19958.434
15943,19565.0,19887.305
15944,19424.0,19794.084
15945,18964.0,19681.562
15946,18725.0,19210.734
15947,18794.0,19001.469
15948,18939.0,19139.32
15949,19287.0,19291.078
15950,19512.0,19587.422
15951,19177.0,19625.902
15952,18767.0,18965.28
15953,17878.0,18404.586
15954,17055.0,17439.092
15955,16846.0,16731.072
15956,16653.0,16771.31
15957,16531.0,16863.764
15958,16721.0,17009.158
15959,17130.0,17439.006
15960,17963.0,18021.514
15961,19587.0,18981.178
15962,20110.0,20805.094
15963,19675.0,20923.24
15964,19042.0,19958.182
15965,18501.0,19040.373
15966,17907.0,18389.666
15967,17510.0,17787.91
15968,17195.0,17489.172
15969,16950.0,17336.805
15970,16672.0,17265.512
15971,16629.0,17099.133
15972,16793.0,17106.072
15973,17525.0,17256.014
15974,18332.0,18007.154
15975,18447.0,18769.094
15976,18058.0,18639.29
15977,17224.0,18069.363
15978,16297.0,17165.88
15979,15706.0,16291.128
15980,15417.0,15820.784
15981,15374.0,15713.124
15982,15421.0,15901.154
15983,15801.0,16160.174
15984,16794.0,16677.248
15985,18434.0,17772.443
15986,18917.0,19508.049
15987,19071.0,19499.244
15988,19085.0,19259.54
15989,19084.0,19046.213
15990,18907.0,18987.014
15991,18752.0,18832.047
15992,18623.0,18775.123
15993,18333.0,18781.158
15994,18101.0,18607.176
15995,18229.0,18467.775
15996,18431.0,18693.693
15997,19193.0,18901.285
15998,19658.0,19684.842
15999,19504.0,19929.781
16000,19123.0,19397.742
16001,18371.0,18806.475
16002,17434.0,17968.545
16003,14400.0,17102.744
16004,14044.0,14254.626
16005,13923.0,13951.981
16006,14014.0,14210.516
16007,14277.0,14737.531
16008,15245.0,15335.165
16009,16913.0,16507.617
16010,17805.0,18304.11
16011,17935.0,18808.957
16012,18010.0,18415.162
16013,18115.0,18240.143
16014,18052.0,18265.277
16015,18036.0,18204.09
16016,18071.0,18251.822
16017,17841.0,18387.297
16018,17773.0,18241.459
16019,17981.0,18248.994
16020,18357.0,18530.81
16021,18827.0,18903.053
16022,18867.0,19232.564
16023,18516.0,18902.51
16024,17902.0,18176.68
16025,17164.0,17355.428
16026,16230.0,16614.752
16027,14278.0,15821.899
16028,14267.0,14123.868
16029,14269.0,14289.389
16030,14313.0,14697.343
16031,14634.0,15101.09
16032,15669.0,15656.595
16033,17469.0,16858.912
16034,18007.0,18833.383
16035,17572.0,18929.152
16036,17282.0,17970.037
16037,16978.0,17458.123
16038,16593.0,17052.285
16039,16400.0,16661.822
16040,16380.0,16538.375
16041,16107.0,16658.117
16042,16021.0,16525.34
16043,15977.0,16528.453
16044,16246.0,16500.322
16045,16928.0,16721.268
16046,17370.0,17340.629
16047,17360.0,17593.371
16048,16812.0,17336.465
16049,15965.0,16616.738
16050,15042.0,15760.538
16051,15702.0,14947.6875
16052,15453.0,15795.571
16053,15462.0,15848.922
16054,15659.0,16062.115
16055,15753.0,16415.115
16056,16088.0,16545.879
16057,16629.0,16832.1
16058,16910.0,17280.213
16059,17124.0,17371.111
16060,16897.0,17408.93
16061,16236.0,17007.686
16062,15651.0,16241.183
16063,15271.0,15654.67
16064,14873.0,15349.966
16065,14556.0,15082.783
16066,14406.0,14908.864
16067,14373.0,14889.955
16068,14636.0,14947.373
16069,15552.0,15247.263
16070,16186.0,16211.554
16071,16171.0,16775.492
16072,15817.0,16536.822
16073,15252.0,16009.337
16074,14583.0,15370.573
16075,16046.0,14716.27
16076,15671.0,16306.883
16077,15520.0,16142.404
16078,15536.0,16046.728
16079,15740.0,16089.393
16080,16089.0,16296.15
16081,16706.0,16618.096
16082,17277.0,17196.295
16083,17657.0,17671.863
16084,17760.0,17898.71
16085,17496.0,17838.36
16086,17215.0,17442.312
16087,16532.0,17132.209
16088,16181.0,16458.092
16089,15760.0,16192.392
16090,15607.0,15900.742
16091,15813.0,15895.773
16092,16181.0,16269.864
16093,17105.0,16763.826
16094,17490.0,17800.6
16095,17560.0,18036.242
16096,17271.0,17864.83
16097,16790.0,17359.256
16098,16238.0,16777.914
16099,18627.0,16232.799
16100,18493.0,19090.666
16101,18423.0,19013.635
16102,18268.0,18951.166
16103,18532.0,18728.63
16104,19150.0,18980.691
16105,20570.0,19639.744
16106,21216.0,21274.389
16107,21014.0,21721.756
16108,20639.0,21094.912
16109,20267.0,20455.53
16110,19830.0,19957.357
16111,19536.0,19494.152
16112,19310.0,19295.29
16113,19145.0,19220.998
16114,19020.0,19222.21
16115,19088.0,19231.936
16116,19087.0,19412.459
16117,19437.0,19416.965
16118,19378.0,19810.898
16119,19075.0,19614.297
16120,18490.0,19178.904
16121,17592.0,18496.79
16122,16632.0,17563.125
16123,19261.0,16659.514
16124,18915.0,19986.203
16125,18836.0,19601.66
16126,19003.0,19512.352
16127,19195.0,19640.367
16128,20202.0,19742.207
16129,21618.0,20868.412
16130,22153.0,22444.496
16131,21845.0,22701.975
16132,21350.0,21997.373
16133,20944.0,21282.834
16134,20490.0,20796.951
16135,20134.0,20329.988
16136,19626.0,20048.248
16137,19300.0,19607.924
16138,18958.0,19387.812
16139,19029.0,19101.14
16140,19481.0,19264.945
16141,20518.0,19815.89
16142,21275.0,21023.225
16143,21165.0,21694.879
16144,20840.0,21247.791
16145,20153.0,20801.4
16146,19177.0,20043.703
16147,17708.0,19080.172
16148,17496.0,17653.016
16149,17455.0,17649.95
16150,17578.0,17923.338
16151,17982.0,18326.703
16152,18983.0,18906.818
16153,20484.0,20023.477
16154,21103.0,21548.805
16155,21145.0,21620.559
16156,21164.0,21195.346
16157,21005.0,21058.309
16158,20749.0,20861.828
16159,20522.0,20677.6
16160,20468.0,20584.832
16161,20363.0,20721.309
16162,20284.0,20782.752
16163,20507.0,20816.887
16164,20933.0,21126.008
16165,21776.0,21533.256
16166,22314.0,22328.625
16167,22123.0,22535.578
16168,21662.0,21851.041
16169,20772.0,21154.836
16170,19909.0,20157.307
16171,16678.0,19408.541
16172,16282.0,16184.191
16173,16132.0,16005.68
16174,16094.0,16330.717
16175,16367.0,16772.104
16176,17225.0,17398.422
16177,18651.0,18468.934
16178,19261.0,19962.785
16179,19156.0,20061.428
16180,19182.0,19423.227
16181,19371.0,19292.576
16182,19160.0,19502.617
16183,19102.0,19326.057
16184,18991.0,19390.37
16185,18858.0,19401.248
16186,18764.0,19380.035
16187,18961.0,19369.781
16188,19304.0,19635.861
16189,20096.0,19953.695
16190,20590.0,20691.842
16191,20426.0,20863.7
16192,20029.0,20212.69
16193,19304.0,19545.078
16194,18322.0,18711.441
16195,16453.0,17789.951
16196,16152.0,16055.12
16197,16141.0,16008.932
16198,16234.0,16403.46
16199,16666.0,16896.922
16200,17619.0,17635.777
16201,19258.0,18794.783
16202,19916.0,20585.979
16203,19967.0,20746.531
16204,19705.0,20294.31
16205,19746.0,19732.941
16206,19401.0,19752.307
16207,19271.0,19392.012
16208,18953.0,19371.719
16209,18441.0,19163.885
16210,18217.0,18737.258
16211,18190.0,18622.12
16212,18474.0,18685.387
16213,19286.0,19009.648
16214,19699.0,19850.705
16215,19572.0,19985.63
16216,19164.0,19462.537
16217,18348.0,18821.453
16218,17314.0,17919.305
16219,16385.0,16970.62
16220,16248.0,16234.34
16221,16210.0,16370.606
16222,16241.0,16672.502
16223,16433.0,16992.375
16224,16826.0,17359.305
16225,17283.0,17791.076
16226,17810.0,18134.96
16227,18196.0,18469.506
16228,18146.0,18623.857
16229,17667.0,18336.844
16230,17249.0,17707.062
16231,17049.0,17279.41
16232,16874.0,17159.764
16233,16648.0,17112.473
16234,16579.0,17018.322
16235,16780.0,17068.82
16236,17193.0,17371.31
16237,18055.0,17830.096
16238,18660.0,18719.08
16239,18489.0,19152.61
16240,18215.0,18603.057
16241,17493.0,18124.559
16242,16860.0,17276.057
16243,16378.0,16680.662
16244,15909.0,16326.141
16245,15730.0,16035.679
16246,15580.0,16064.592
16247,15743.0,16109.587
16248,16072.0,16416.35
16249,16624.0,16805.686
16250,17323.0,17330.055
16251,17853.0,17935.861
16252,18279.0,18294.613
16253,18309.0,18580.867
16254,18085.0,18479.018
16255,17701.0,18198.053
16256,17413.0,17813.387
16257,16994.0,17580.008
16258,16887.0,17232.406
16259,16836.0,17234.584
16260,17111.0,17293.877
16261,18005.0,17658.104
16262,18455.0,18667.033
16263,18379.0,18947.93
16264,18151.0,18518.262
16265,17495.0,18040.234
16266,16982.0,17223.344
16267,17952.0,16746.488
16268,17453.0,18025.459
16269,17185.0,17652.95
16270,17190.0,17522.318
16271,17355.0,17666.54
16272,18064.0,17947.363
16273,19297.0,18806.014
16274,20113.0,20216.0
16275,20243.0,20891.213
16276,20271.0,20621.094
16277,20239.0,20380.379
16278,20073.0,20188.164
16279,19716.0,19952.514
16280,19418.0,19589.643
16281,19084.0,19370.371
16282,18782.0,19138.385
16283,18873.0,18945.59
16284,18881.0,19194.213
16285,19422.0,19254.826
16286,19367.0,19891.752
16287,19037.0,19626.65
16288,18587.0,19066.393
16289,17865.0,18473.916
16290,16999.0,17686.686
16291,18682.0,16867.76
16292,18505.0,19060.64
16293,18503.0,18991.59
16294,18599.0,19092.215
16295,19086.0,19232.127
16296,20083.0,19789.033
16297,21846.0,20918.115
16298,22565.0,22954.273
16299,22224.0,23318.951
16300,21625.0,22431.406
16301,21185.0,21524.22
16302,20784.0,20970.777
16303,20348.0,20555.164
16304,20050.0,20177.592
16305,19828.0,20014.533
16306,19786.0,19934.557
16307,20102.0,20016.873
16308,20533.0,20450.445
16309,21363.0,20888.77
16310,21540.0,21761.156
16311,21269.0,21643.42
16312,20669.0,21141.445
16313,19737.0,20430.941
16314,18742.0,19485.898
16315,18429.0,18588.03
16316,18109.0,18515.902
16317,17945.0,18449.87
16318,17874.0,18520.117
16319,18134.0,18597.703
16320,19160.0,18933.834
16321,20665.0,20086.531
16322,21180.0,21670.332
16323,21010.0,21689.645
16324,20696.0,21080.695
16325,20396.0,20594.625
16326,20022.0,20286.316
16327,19793.0,19978.695
16328,19670.0,19897.857
16329,19485.0,19961.186
16330,19238.0,19927.617
16331,19301.0,19745.354
16332,19845.0,19846.336
16333,20759.0,20428.516
16334,21237.0,21331.143
16335,21243.0,21492.514
16336,20805.0,21142.38
16337,20082.0,20462.754
16338,19156.0,19678.164
16339,17407.0,18816.861
16340,17134.0,17146.889
16341,17123.0,17123.215
16342,17280.0,17492.97
16343,17582.0,18013.328
16344,18657.0,18536.297
16345,20387.0,19801.957
16346,21070.0,21662.752
16347,21025.0,21753.303
16348,20857.0,21153.31
16349,20788.0,20759.188
16350,20537.0,20680.518
16351,20311.0,20478.275
16352,20161.0,20378.48
16353,19927.0,20394.684
16354,19718.0,20305.05
16355,19788.0,20198.246
16356,20283.0,20345.068
16357,21349.0,20890.613
16358,21665.0,22002.982
16359,21465.0,21855.74
16360,21068.0,21203.305
16361,20238.0,20584.48
16362,19201.0,19657.818
16363,14315.0,18706.25
16364,14136.0,14039.183
16365,14107.0,13760.6045
16366,14219.0,14261.623
16367,14546.0,14999.035
16368,15507.0,15789.401
16369,16722.0,16982.28
16370,17867.0,18124.188
16371,18176.0,18912.283
16372,18618.0,18657.209
16373,18767.0,18932.14
16374,18841.0,19008.352
16375,18859.0,19130.531
16376,18867.0,19217.64
16377,18587.0,19302.67
16378,18411.0,19070.52
16379,18420.0,18941.516
16380,18776.0,18997.004
16381,19910.0,19371.707
16382,20118.0,20567.986
16383,20023.0,20262.469
16384,19579.0,19666.611
16385,18834.0,18866.166
16386,18010.0,18013.088
16387,14870.0,17316.12
16388,14532.0,14410.821
16389,14369.0,14234.778
16390,14366.0,14526.3955
16391,14400.0,15022.925
16392,14536.0,15440.817
16393,14779.0,15726.646
16394,15424.0,15893.054
16395,15929.0,16374.386
16396,16232.0,16638.215
16397,16200.0,16727.816
16398,16092.0,16557.688
16399,15968.0,16415.168
16400,15805.0,16313.162
16401,15534.0,16198.536
16402,15252.0,15983.464
16403,15477.0,15750.373
16404,15728.0,16039.527
16405,16310.0,16352.149
16406,16417.0,16930.334
16407,16272.0,16830.123
16408,15763.0,16391.914
16409,15328.0,15632.095
16410,14813.0,15106.258
16411,16069.0,14631.556
16412,15835.0,16109.0
16413,15788.0,16095.48
16414,15811.0,16186.915
16415,15989.0,16308.804
16416,16452.0,16555.127
16417,17100.0,17079.475
16418,17579.0,17769.602
16419,17964.0,18188.21
16420,17863.0,18445.545
16421,17497.0,18121.025
16422,16914.0,17567.068
16423,16445.0,16864.943
16424,15933.0,16380.447
16425,15620.0,15921.763
16426,15395.0,15716.822
16427,15277.0,15626.827
16428,15718.0,15626.785
16429,16663.0,16194.019
16430,16978.0,17290.219
16431,16894.0,17507.81
16432,16621.0,17227.3
16433,16090.0,16808.248
16434,15425.0,16204.001
16435,17703.0,15549.542
16436,17254.0,18176.957
16437,17156.0,17803.871
16438,17298.0,17712.703
16439,17487.0,17845.498
16440,18263.0,17993.965
16441,19580.0,18812.0
16442,20139.0,20259.85
16443,19854.0,20598.459
16444,19455.0,19911.137
16445,19016.0,19282.857
16446,18615.0,18734.607
16447,18287.0,18342.633
16448,18003.0,18116.75
16449,17765.0,17983.566
16450,17524.0,17903.178
16451,17420.0,17778.383
16452,17630.0,17750.645
16453,18413.0,18027.594
16454,18484.0,18934.973
16455,18357.0,18835.926
16456,18046.0,18559.559
16457,17367.0,18147.914
16458,16536.0,17412.44
16459,19037.0,16609.885
16460,18694.0,19692.377
16461,18642.0,19336.22
16462,18785.0,19286.701
16463,19037.0,19396.594
16464,20015.0,19586.264
16465,21545.0,20660.07
16466,22322.0,22372.39
16467,21925.0,22894.316
16468,21206.0,21957.684
16469,20799.0,20944.047
16470,20184.0,20482.523
16471,19504.0,19845.668
16472,19061.0,19230.424
16473,18694.0,18950.025
16474,18374.0,18760.367
16475,18371.0,18574.322
16476,18732.0,18689.068
16477,19876.0,19145.367
16478,20320.0,20495.557
16479,20183.0,20718.826
16480,19815.0,20304.062
16481,19147.0,19807.879
16482,18283.0,19095.787
16483,17150.0,18275.7
16484,16891.0,17225.734
16485,16812.0,17152.32
16486,16982.0,17338.62
16487,17331.0,17759.326
16488,18249.0,18251.717
16489,19694.0,19253.664
16490,20512.0,20726.621
16491,20724.0,21131.438
16492,20764.0,20884.748
16493,20578.0,20709.51
16494,20362.0,20440.99
16495,20196.0,20276.195
16496,20177.0,20229.502
16497,19915.0,20387.734
16498,19870.0,20248.293
16499,20099.0,20332.213
16500,20505.0,20667.307
16501,21392.0,21073.854
16502,21477.0,21953.266
16503,21402.0,21559.297
16504,21159.0,21164.277
16505,20370.0,20734.62
16506,19565.0,19825.049
16507,18838.0,19121.281
16508,18458.0,18589.328
16509,18325.0,18489.354
16510,18422.0,18670.34
16511,18681.0,19061.172
16512,19477.0,19511.92
16513,20869.0,20464.58
16514,21624.0,21988.895
16515,21530.0,22370.766
16516,21476.0,21728.904
16517,21335.0,21479.354
16518,21221.0,21252.086
16519,20913.0,21186.76
16520,20659.0,20942.775
16521,20157.0,20811.74
16522,19848.0,20378.557
16523,19774.0,20166.63
16524,20050.0,20186.309
16525,20630.0,20541.26
16526,20526.0,21139.584
16527,20231.0,20675.178
16528,19656.0,20098.352
16529,18857.0,19326.79
16530,17734.0,18483.06
16531,19134.0,17424.795
16532,18960.0,19377.285
16533,18900.0,19401.814
16534,18992.0,19509.262
16535,19499.0,19705.75
16536,20483.0,20320.979
16537,22038.0,21432.916
16538,22976.0,23158.975
16539,22788.0,23807.268
16540,22473.0,23022.576
16541,21998.0,22438.951
16542,21450.0,21791.344
16543,20979.0,21192.697
16544,20766.0,20784.078
16545,20373.0,20741.232
16546,20099.0,20466.686
16547,20195.0,20296.979
16548,20813.0,20507.693
16549,21833.0,21260.14
16550,21920.0,22368.715
16551,21892.0,22020.605
16552,21289.0,21794.963
16553,20464.0,20970.635
16554,19498.0,20132.58
16555,15290.0,19254.893
16556,15022.0,15095.546
16557,14934.0,14834.5
16558,14918.0,15236.441
16559,15088.0,15736.145
16560,15435.0,16235.947
16561,15842.0,16630.658
16562,16591.0,16825.191
16563,17254.0,17334.84
16564,17718.0,17761.969
16565,18015.0,18094.12
16566,17978.0,18381.762
16567,18088.0,18371.549
16568,17978.0,18560.988
16569,17868.0,18499.812
16570,17804.0,18428.47
16571,18134.0,18401.855
16572,19101.0,18803.934
16573,20576.0,19913.307
16574,21118.0,21495.662
16575,21113.0,21506.082
16576,20760.0,20895.7
16577,20120.0,20122.117
16578,19629.0,19301.232
16579,15673.0,18901.92
16580,15356.0,14979.878
16581,15179.0,14777.238
16582,15025.0,15089.101
16583,15089.0,15479.006
16584,15412.0,15970.782
16585,16019.0,16509.756
16586,16666.0,17103.066
16587,17011.0,17534.14
16588,17126.0,17551.123
16589,16953.0,17438.85
16590,16710.0,17171.225
16591,16362.0,16956.63
16592,16019.0,16679.95
16593,15816.0,16424.096
16594,15603.0,16322.802
16595,15691.0,16219.408
16596,16019.0,16400.566
16597,17007.0,16783.76
16598,17224.0,17815.23
16599,17084.0,17726.303
16600,16855.0,17185.49
16601,16460.0,16684.096
16602,15847.0,16171.852
16603,16615.0,15588.036
16604,16250.0,16575.863
16605,16153.0,16423.158
16606,16181.0,16502.363
16607,16491.0,16686.111
16608,17453.0,17129.746
16609,18909.0,18267.965
16610,19825.0,19914.951
16611,19685.0,20650.107
16612,19369.0,19980.33
16613,18940.0,19340.863
16614,18364.0,18725.848
16615,17994.0,18086.367
16616,17584.0,17791.24
16617,17205.0,17519.229
16618,16884.0,17306.566
16619,16788.0,17140.041
16620,17087.0,17169.043
16621,17991.0,17571.375
16622,18112.0,18601.113
16623,18036.0,18489.312
16624,17913.0,18195.645
16625,17105.0,17955.775
16626,16316.0,17046.143
16627,15283.0,16311.335
16628,15039.0,15391.312
16629,14952.0,15296.886
16630,14987.0,15449.725
16631,15393.0,15710.464
16632,16304.0,16283.405
16633,18109.0,17310.344
16634,19226.0,19287.736
16635,19282.0,20117.008
16636,19225.0,19597.63
16637,19220.0,19264.453
16638,19022.0,19156.293
16639,18990.0,18936.43
16640,18812.0,18993.654
16641,18596.0,18928.283
16642,18277.0,18832.172
16643,18412.0,18592.797
16644,18799.0,18830.174
16645,19641.0,19272.342
16646,19775.0,20139.77
16647,19585.0,19903.604
16648,19254.0,19370.723
16649,18349.0,18860.248
16650,17290.0,17861.424
16651,14556.0,16902.787
16652,14063.0,14381.824
16653,13808.0,14004.744
16654,13661.0,14128.152
16655,13789.0,14396.249
16656,14664.0,14833.197
16657,16171.0,15909.166
16658,17191.0,17534.123
16659,17149.0,18275.17
16660,17200.0,17676.334
16661,17384.0,17493.201
16662,17406.0,17602.127
16663,17340.0,17630.598
16664,17294.0,17616.008
16665,17122.0,17644.494
16666,16872.0,17549.014
16667,16905.0,17349.148
16668,17081.0,17420.756
16669,17913.0,17586.81
16670,17991.0,18423.78
16671,17855.0,18168.564
16672,17623.0,17688.78
16673,16805.0,17245.541
16674,15868.0,16321.187
16675,14597.0,15478.701
16676,14150.0,14415.204
16677,13925.0,14186.357
16678,13828.0,14270.965
16679,14070.0,14487.737
16680,14998.0,14975.944
16681,16605.0,16103.678
16682,17589.0,17897.291
16683,17475.0,18663.195
16684,17392.0,18007.889
16685,17374.0,17640.494
16686,17186.0,17481.883
16687,17078.0,17248.65
16688,17032.0,17179.043
16689,16879.0,17227.97
16690,16649.0,17185.441
16691,16981.0,17033.13
16692,17338.0,17461.465
16693,17840.0,17843.877
16694,17943.0,18262.523
16695,17735.0,18090.55
16696,17130.0,17599.082
16697,16192.0,16804.787
16698,15352.0,15839.366
16699,15451.0,15120.957
16700,15113.0,15437.013
16701,14881.0,15389.262
16702,15044.0,15389.005
16703,15219.0,15747.695
16704,16180.0,16042.338
16705,17761.0,17115.188
16706,18739.0,18848.625
16707,18751.0,19627.047
16708,18524.0,19178.262
16709,18512.0,18669.703
16710,18256.0,18555.277
16711,18074.0,18249.842
16712,17838.0,18109.258
16713,17655.0,17957.727
16714,17401.0,17883.285
16715,17455.0,17707.885
16716,17884.0,17827.348
16717,18441.0,18309.473
16718,18463.0,18825.18
16719,18054.0,18570.0
16720,17621.0,17884.16
16721,16612.0,17353.998
16722,15537.0,16324.302
16723,15958.0,15376.005
16724,15685.0,16036.078
16725,15543.0,16072.324
16726,15556.0,16152.116
16727,15600.0,16319.394
16728,15899.0,16415.7
16729,16354.0,16696.037
16730,16904.0,17079.385
16731,17201.0,17525.596
16732,17125.0,17661.08
16733,16787.0,17413.652
16734,16353.0,16962.14
16735,16076.0,16487.957
16736,15730.0,16240.454
16737,15643.0,15966.674
16738,15675.0,15981.488
16739,15823.0,16129.073
16740,16557.0,16353.871
16741,17268.0,17171.39
16742,17225.0,17864.273
16743,17248.0,17544.084
16744,16988.0,17378.266
16745,16731.0,16973.328
16746,16051.0,16691.666
16747,16714.0,16038.312
16748,16392.0,16879.98
16749,16206.0,16715.854
16750,16178.0,16626.143
16751,16362.0,16672.281
16752,16655.0,16905.537
16753,17289.0,17200.871
16754,18059.0,17833.027
16755,18556.0,18569.79
16756,18710.0,18924.516
16757,18531.0,18898.76
16758,17905.0,18574.12
16759,17371.0,17845.451
16760,16859.0,17322.137
16761,16240.0,16882.04
16762,15974.0,16367.886
16763,16006.0,16243.01
16764,16509.0,16443.91
16765,17569.0,17117.625
16766,17737.0,18342.594
16767,17660.0,18253.613
16768,17389.0,17887.59
16769,17084.0,17408.635
16770,16504.0,17039.85
16771,17504.0,16481.797
16772,17060.0,17740.043
16773,17006.0,17421.74
16774,17014.0,17482.781
16775,17083.0,17579.29
16776,17772.0,17685.752
16777,18717.0,18459.602
16778,19639.0,19462.299
16779,19757.0,20305.145
16780,19779.0,20036.756
16781,19779.0,19812.625
16782,19573.0,19681.49
16783,19466.0,19413.3
16784,19312.0,19366.143
16785,19182.0,19310.266
16786,19035.0,19303.97
16787,19107.0,19263.004
16788,19483.0,19445.832
16789,20005.0,19930.146
16790,19882.0,20486.719
16791,19589.0,20100.97
16792,19142.0,19589.514
16793,18380.0,18993.273
16794,17488.0,18149.896
16795,19001.0,17292.754
16796,18728.0,19310.793
16797,18664.0,19123.396
16798,18730.0,19161.35
16799,19220.0,19282.201
16800,20206.0,19862.172
16801,21766.0,20992.375
16802,22544.0,22766.799
16803,22203.0,23267.82
16804,21701.0,22395.098
16805,21374.0,21644.303
16806,20767.0,21240.229
16807,20312.0,20570.674
16808,20053.0,20184.6
16809,19680.0,20074.645
16810,19559.0,19811.645
16811,19644.0,19809.234
16812,20153.0,19966.027
16813,21017.0,20550.402
16814,20976.0,21466.848
16815,20658.0,21047.11
16816,20107.0,20523.541
16817,19238.0,19882.918
16818,18332.0,19015.8
16819,15839.0,18223.152
16820,15730.0,15808.02
16821,15975.0,15851.806
16822,16492.0,16523.906
16823,17061.0,17462.684
16824,18298.0,18231.4
16825,20207.0,19558.338
16826,21314.0,21513.7
16827,21259.0,22091.693
16828,21061.0,21392.463
16829,20847.0,21014.389
16830,20539.0,20774.395
16831,20131.0,20509.63
16832,19698.0,20183.031
16833,19383.0,19868.574
16834,19121.0,19711.66
16835,19272.0,19581.982
16836,19981.0,19841.39
16837,21328.0,20620.424
16838,21592.0,21994.64
16839,21489.0,21582.4
16840,21124.0,21043.303
16841,20397.0,20486.018
16842,19572.0,19761.684
16843,16142.0,19117.373
16844,15826.0,15803.502
16845,15685.0,15634.001
16846,15509.0,15969.746
16847,15692.0,16288.402
16848,16469.0,16827.887
16849,18046.0,17802.3
16850,18908.0,19468.78
16851,18929.0,19813.44
16852,18788.0,19182.322
16853,18814.0,18766.17
16854,18642.0,18787.742
16855,18609.0,18690.422
16856,18478.0,18811.584
16857,18255.0,18836.176
16858,18120.0,18750.139
16859,18257.0,18732.678
16860,18774.0,18969.027
16861,19040.0,19544.674
16862,19053.0,19601.32
16863,18627.0,19224.201
16864,18011.0,18368.459
16865,17321.0,17515.994
16866,16316.0,16800.588
16867,17244.0,15908.455
16868,17244.0,17211.49
16869,17267.0,17550.87
16870,17509.0,17820.393
16871,18045.0,18245.832
16872,19109.0,18912.916
16873,20808.0,20119.717
16874,21873.0,22012.135
16875,21436.0,22812.473
16876,20644.0,21672.184
16877,19973.0,20523.479
16878,19231.0,19706.588
16879,18723.0,18921.7
16880,18205.0,18510.096
16881,17876.0,18154.459
16882,17748.0,18024.176
16883,17950.0,18074.059
16884,18648.0,18400.312
16885,19482.0,19190.254
16886,19430.0,19979.617
16887,19200.0,19525.84
16888,18769.0,19107.217
16889,17803.0,18617.766
16890,16886.0,17663.297
16891,16547.0,16878.494
16892,16042.0,16740.176
16893,15994.0,16465.977
16894,15884.0,16650.195
16895,15999.0,16713.043
16896,16258.0,16879.861
16897,16569.0,17066.174
16898,17156.0,17196.838
16899,17586.0,17627.36
16900,17897.0,17888.98
16901,17590.0,18103.678
16902,17394.0,17696.06
16903,17155.0,17531.678
16904,16888.0,17361.566
16905,16514.0,17184.025
16906,16346.0,16894.96
16907,16509.0,16813.623
16908,17328.0,17076.332
16909,18497.0,18042.992
16910,18924.0,19314.162
16911,18951.0,19419.242
16912,18650.0,19056.184
16913,18198.0,18461.459
16914,17685.0,17895.012
16915,18069.0,17411.648
16916,17613.0,18026.68
16917,17506.0,17728.64
16918,17434.0,17805.553
16919,17493.0,17890.73
16920,17792.0,18052.156
16921,18228.0,18403.596
16922,18849.0,18813.195
16923,19313.0,19363.715
16924,19551.0,19660.771
16925,19643.0,19717.314
16926,19401.0,19699.371
16927,18993.0,19378.84
16928,18563.0,18969.098
16929,18360.0,18597.836
16930,18166.0,18521.709
16931,18260.0,18461.35
16932,18737.0,18708.516
16933,19171.0,19347.275
16934,18940.0,19790.826
16935,18673.0,19264.541
16936,18338.0,18762.252
16937,17818.0,18264.691
16938,17164.0,17667.81
16939,20460.0,17038.365
16940,20310.0,21272.135
16941,20448.0,20869.05
16942,20594.0,21034.572
16943,21036.0,21104.668
16944,21968.0,21544.906
16945,23531.0,22592.639
16946,24465.0,24410.426
16947,24242.0,25172.55
16948,23726.0,24420.99
16949,22784.0,23588.424
16950,21930.0,22357.055
16951,21177.0,21419.762
16952,20615.0,20701.457
16953,19918.0,20280.43
16954,19457.0,19698.975
16955,19731.0,19387.518
16956,20463.0,19926.97
16957,21347.0,20899.668
16958,21337.0,21878.096
16959,21105.0,21514.521
16960,20798.0,21122.256
16961,19914.0,20784.217
16962,18914.0,19848.795
16963,18579.0,18923.025
16964,18283.0,18798.012
16965,18170.0,18725.943
16966,18115.0,18832.62
16967,18486.0,18913.693
16968,19512.0,19373.94
16969,21081.0,20499.441
16970,22106.0,22131.984
16971,21904.0,22773.277
16972,21791.0,21902.834
16973,21575.0,21648.736
16974,21373.0,21383.143
16975,21191.0,21261.57
16976,21051.0,21219.848
16977,20905.0,21253.943
16978,20896.0,21266.672
16979,21079.0,21390.559
16980,21819.0,21641.422
16981,22912.0,22468.67
16982,23069.0,23547.31
16983,23137.0,23124.879
16984,22678.0,22897.87
16985,21840.0,22146.213
16986,20972.0,21221.854
16987,18003.0,20460.47
16988,17770.0,17422.875
16989,17777.0,17501.104
16990,17869.0,18020.94
16991,18258.0,18584.527
16992,19103.0,19297.916
16993,20730.0,20291.635
16994,21807.0,22026.172
16995,21614.0,22641.373
16996,21195.0,21690.812
16997,20798.0,21039.969
16998,20310.0,20634.398
16999,19948.0,20226.219
17000,19564.0,20022.352
17001,19129.0,19817.236
17002,18989.0,19553.129
17003,19178.0,19595.857
17004,20060.0,19933.031
17005,21179.0,20964.426
17006,21318.0,22016.469
17007,21250.0,21488.68
17008,20882.0,20998.635
17009,20007.0,20379.455
17010,19181.0,19420.139
17011,18763.0,18744.148
17012,18284.0,18596.82
17013,18150.0,18399.73
17014,18076.0,18584.275
17015,18350.0,18776.748
17016,19190.0,19246.438
17017,20665.0,20237.84
17018,21484.0,21825.162
17019,21278.0,22208.678
17020,21208.0,21341.49
17021,21052.0,21081.164
17022,20856.0,20851.395
17023,20552.0,20718.736
17024,20403.0,20529.373
17025,20118.0,20564.766
17026,19860.0,20426.436
17027,20061.0,20281.94
17028,20572.0,20632.742
17029,21141.0,21234.885
17030,21165.0,21716.37
17031,20893.0,21339.395
17032,20367.0,20715.951
17033,19444.0,19971.715
17034,18631.0,18957.053
17035,20306.0,18261.043
17036,20197.0,20611.977
17037,20174.0,20636.588
17038,20400.0,20757.623
17039,20681.0,21090.88
17040,21388.0,21378.256
17041,22593.0,22142.049
17042,23299.0,23455.979
17043,23381.0,23916.963
17044,23041.0,23618.781
17045,22397.0,22974.453
17046,21706.0,22133.451
17047,21014.0,21391.453
17048,20431.0,20743.309
17049,19938.0,20286.96
17050,19561.0,19953.488
17051,19711.0,19726.287
17052,20641.0,20076.61
17053,21814.0,21291.041
17054,21918.0,22574.506
17055,21756.0,22170.492
17056,21310.0,21726.135
17057,20325.0,21109.94
17058,19450.0,20032.055
17059,18515.0,19266.508
17060,18387.0,18479.771
17061,18459.0,18640.719
17062,18583.0,19051.07
17063,18890.0,19418.672
17064,19346.0,19823.918
17065,19914.0,20206.258
17066,20639.0,20575.053
17067,21182.0,21102.266
17068,21195.0,21418.43
17069,20769.0,21195.787
17070,20537.0,20651.787
17071,20215.0,20504.467
17072,19825.0,20280.082
17073,19510.0,20006.84
17074,19208.0,19827.492
17075,19482.0,19632.236
17076,20620.0,20076.14
17077,21798.0,21499.465
17078,21823.0,22686.162
17079,21868.0,22061.857
17080,21494.0,21785.605
17081,21182.0,21110.396
17082,20580.0,20790.168
17083,16972.0,20230.994
17084,16610.0,16477.227
17085,16431.0,16287.993
17086,16325.0,16549.53
17087,16503.0,16901.533
17088,16924.0,17431.912
17089,17524.0,17995.08
17090,18283.0,18495.977
17091,18836.0,19024.393
17092,19123.0,19267.436
17093,19301.0,19337.809
17094,19200.0,19472.691
17095,19020.0,19392.35
17096,18824.0,19290.701
17097,18616.0,19186.002
17098,18457.0,19070.346
17099,18621.0,19001.623
17100,19394.0,19276.445
17101,20187.0,20214.12
17102,20298.0,20976.543
17103,20144.0,20626.824
17104,19897.0,20020.81
17105,19462.0,19483.508
17106,18953.0,18921.049
17107,16735.0,18464.113
17108,16533.0,16250.364
17109,16402.0,16296.634
17110,16496.0,16544.979
17111,16799.0,17024.65
17112,17738.0,17640.771
17113,19151.0,18842.23
17114,20121.0,20410.988
17115,20150.0,21100.152
17116,20046.0,20548.19
17117,19894.0,20155.2
17118,19297.0,19879.385
17119,18888.0,19209.398
17120,18520.0,18869.48
17121,18161.0,18622.662
17122,17818.0,18413.203
17123,17999.0,18206.73
17124,18887.0,18551.488
17125,19657.0,19652.271
17126,19707.0,20357.342
17127,19521.0,19942.406
17128,19237.0,19388.041
17129,18632.0,18918.635
17130,17776.0,18260.453
17131,17249.0,17488.031
17132,16817.0,17164.346
17133,16618.0,16975.389
17134,16721.0,17040.58
17135,16954.0,17406.262
17136,17901.0,17817.62
17137,19409.0,18934.357
17138,20301.0,20573.8
17139,20314.0,21122.28
17140,20315.0,20572.523
17141,20356.0,20327.963
17142,20093.0,20286.084
17143,19907.0,19993.48
17144,19669.0,19897.72
17145,19380.0,19777.318
17146,19237.0,19609.76
17147,19368.0,19596.174
17148,19945.0,19851.186
17149,20288.0,20545.521
17150,20145.0,20739.152
17151,19813.0,20219.51
17152,19252.0,19589.725
17153,18287.0,18850.883
17154,17453.0,17830.799
17155,18572.0,17131.805
17156,18278.0,18731.295
17157,18287.0,18654.838
17158,18408.0,18869.203
17159,18850.0,19117.162
17160,19817.0,19653.836
17161,21474.0,20745.242
17162,22449.0,22610.412
17163,21938.0,23299.996
17164,21450.0,22093.06
17165,20864.0,21372.441
17166,20085.0,20641.348
17167,19441.0,19809.611
17168,19112.0,19242.377
17169,18790.0,19100.66
17170,18753.0,18972.857
17171,19034.0,19122.28
17172,19869.0,19536.775
17173,20594.0,20491.623
17174,20511.0,21084.188
17175,20289.0,20558.87
17176,19784.0,20137.941
17177,18876.0,19542.215
17178,17922.0,18644.668
17179,17793.0,17817.012
17180,17487.0,17943.266
17181,17433.0,17900.404
17182,17330.0,18091.467
17183,17754.0,18123.03
17184,18731.0,18639.598
17185,20266.0,19686.6
17186,21196.0,21276.727
17187,21093.0,21832.307
17188,20837.0,21165.79
17189,20721.0,20708.553
17190,20354.0,20589.736
17191,20120.0,20251.135
17192,19953.0,20149.27
17193,19685.0,20152.23
17194,19509.0,20025.74
17195,19714.0,19957.47
17196,20637.0,20264.729
17197,21398.0,21346.836
17198,21439.0,21951.387
17199,21275.0,21487.055
17200,20752.0,20997.693
17201,19984.0,20266.873
17202,19114.0,19481.764
17203,15714.0,18733.285
17204,15548.0,15414.048
17205,15701.0,15376.319
17206,15794.0,16026.813
17207,16228.0,16611.932
17208,17245.0,17366.162
17209,19133.0,18548.008
17210,20243.0,20568.129
17211,20173.0,21173.08
17212,20176.0,20403.518
17213,20160.0,20237.482
17214,19935.0,20191.0
17215,19794.0,20002.998
17216,19784.0,19968.494
17217,19748.0,20112.207
17218,19588.0,20236.62
17219,19826.0,20163.691
17220,20615.0,20477.69
17221,21195.0,21332.637
17222,20989.0,21646.541
17223,20765.0,20824.727
17224,20286.0,20261.559
17225,19393.0,19587.85
17226,18455.0,18670.285
17227,15169.0,17906.09
17228,14828.0,14823.499
17229,14759.0,14639.867
17230,14720.0,15050.241
17231,14735.0,15507.558
17232,15064.0,15835.068
17233,15521.0,16255.743
17234,16157.0,16595.123
17235,16691.0,17017.414
17236,16910.0,17311.22
17237,16807.0,17337.855
17238,16536.0,17142.668
17239,16497.0,16864.771
17240,16268.0,16874.152
17241,16107.0,16709.838
17242,16050.0,16614.775
17243,16398.0,16630.53
17244,17216.0,17064.924
17245,17673.0,17982.553
17246,17685.0,18297.498
17247,17779.0,17935.574
17248,17273.0,17730.133
17249,16696.0,16938.158
17250,16135.0,16289.469
17251,15154.0,15805.451
17252,14788.0,14986.083
17253,14679.0,14818.385
17254,14700.0,14976.686
17255,14880.0,15265.5
17256,15347.0,15640.368
17257,16033.0,16206.48
17258,16851.0,16891.383
17259,17173.0,17619.455
17260,17277.0,17693.125
17261,17029.0,17589.137
17262,16609.0,17190.57
17263,16146.0,16712.13
17264,15735.0,16260.405
17265,15405.0,15910.747
17266,15215.0,15682.008
17267,15476.0,15613.435
17268,16284.0,16007.959
17269,17105.0,16969.584
17270,17147.0,17805.814
17271,17109.0,17521.07
17272,16821.0,17201.309
17273,16333.0,16716.322
17274,15725.0,16171.604
17275,14915.0,15623.005
17276,14473.0,14943.054
17277,14166.0,14656.093
17278,14198.0,14552.062
17279,14391.0,14788.275
17280,15224.0,15154.837
17281,16900.0,16113.597
17282,17985.0,17964.607
17283,17998.0,18862.65
17284,18059.0,18362.24
17285,18184.0,18175.133
17286,18122.0,18194.479
17287,18117.0,18112.404
17288,18089.0,18174.35
17289,17887.0,18251.893
17290,17563.0,18146.592
17291,17732.0,17880.535
17292,18297.0,18139.568
17293,18440.0,18808.902
17294,18198.0,18803.338
17295,17995.0,18250.557
17296,17705.0,17824.494
17297,16937.0,17407.795
17298,15886.0,16590.07
17299,15654.0,15625.948
17300,15399.0,15599.44
17301,15327.0,15613.478
17302,15394.0,15804.738
17303,15803.0,16093.22
17304,16618.0,16667.295
17305,18198.0,17601.213
17306,19242.0,19352.28
17307,18986.0,20218.283
17308,18794.0,19408.766
17309,18629.0,18972.393
17310,18328.0,18671.828
17311,18172.0,18318.535
17312,18119.0,18210.059
17313,18005.0,18271.125
17314,17934.0,18274.268
17315,18174.0,18285.078
17316,18890.0,18590.742
17317,19066.0,19379.63
17318,18914.0,19329.691
17319,18763.0,18887.234
17320,17888.0,18574.617
17321,16877.0,17535.85
17322,15746.0,16560.928
17323,13712.0,15571.474
17324,13129.0,13784.809
17325,13018.0,13336.388
17326,12882.0,13536.315
17327,13322.0,13742.278
17328,14232.0,14391.266
17329,15982.0,15412.17
17330,17199.0,17249.568
17331,17106.0,18230.492
17332,16952.0,17616.34
17333,16955.0,17258.234
17334,16861.0,17189.945
17335,16637.0,17089.014
17336,16538.0,16894.443
17337,16171.0,16857.732
17338,16047.0,16574.365
17339,16265.0,16517.428
17340,17164.0,16803.89
17341,18136.0,17785.05
17342,18259.0,18673.562
17343,18324.0,18303.672
17344,18024.0,18025.705
17345,17194.0,17508.127
17346,16321.0,16643.408
17347,13938.0,15922.79
17348,13480.0,13836.504
17349,13303.0,13464.527
17350,13374.0,13629.166
17351,13682.0,14107.358
17352,14582.0,14744.192
17353,16425.0,15823.513
17354,17461.0,17808.34
17355,17450.0,18469.074
17356,17231.0,17846.154
17357,17080.0,17328.979
17358,16716.0,17089.963
17359,16494.0,16736.9
17360,16560.0,16589.744
17361,16328.0,16792.754
17362,16175.0,16733.574
17363,16329.0,16707.797
17364,17093.0,16953.203
17365,17534.0,17798.418
17366,17428.0,18063.518
17367,17257.0,17533.543
17368,16600.0,17042.656
17369,15663.0,16177.63
17370,14590.0,15247.828
17371,13896.0,14337.902
17372,13594.0,13864.454
17373,13510.0,13828.075
17374,13532.0,14052.727
17375,13854.0,14350.561
17376,14755.0,14843.64
17377,16498.0,15838.832
17378,17518.0,17704.486
17379,17207.0,18481.21
17380,17079.0,17624.75
17381,16955.0,17265.242
17382,16767.0,17020.607
17383,16556.0,16810.22
17384,16386.0,16644.844
17385,16166.0,16569.338
17386,15864.0,16465.094
17387,15870.0,16246.331
17388,16622.0,16298.228
17389,17259.0,17133.857
17390,17211.0,17712.074
17391,16865.0,17333.121
17392,16353.0,16708.117
17393,15529.0,16073.689
17394,14593.0,15274.689
17395,14902.0,14485.825
17396,14403.0,14981.633
17397,14164.0,14791.599
17398,14099.0,14756.229
17399,13974.0,14852.536
17400,14011.0,14804.3125
17401,14321.0,14818.637
17402,14877.0,15056.598
17403,15309.0,15528.0205
17404,15652.0,15845.945
17405,15524.0,16076.918
17406,15360.0,15836.032
17407,15414.0,15617.262
17408,15368.0,15675.826
17409,15125.0,15676.786
17410,15011.0,15481.915
17411,15197.0,15404.718
17412,16123.0,15640.695
17413,16533.0,16686.059
17414,16413.0,17082.396
17415,16295.0,16738.602
17416,15825.0,16409.27
17417,15112.0,15765.282
17418,14486.0,14983.696
17419,17367.0,14396.524
17420,16977.0,17694.342
17421,16777.0,17417.229
17422,16681.0,17212.838
17423,16641.0,17072.566
17424,16917.0,16985.283
17425,17388.0,17266.457
17426,17961.0,17783.668
17427,18384.0,18406.658
17428,18656.0,18808.346
17429,18619.0,18998.574
17430,18282.0,18818.656
17431,17993.0,18335.234
17432,17624.0,17983.738
17433,17469.0,17599.006
17434,17311.0,17506.852
17435,17589.0,17433.965
17436,18261.0,17859.459
17437,18268.0,18718.064
17438,17841.0,18648.91
17439,17583.0,18040.336
17440,17150.0,17696.404
17441,16434.0,17201.916
17442,15671.0,16468.844
17443,20048.0,15757.28
17444,19703.0,21204.488
17445,19582.0,20455.842
17446,19630.0,20191.404
17447,19985.0,20062.627
17448,20827.0,20337.605
17449,22093.0,21252.498
17450,22943.0,22705.01
17451,22714.0,23517.334
17452,22159.0,22909.76
17453,21448.0,22094.441
17454,20507.0,21199.682
17455,19822.0,20132.16
17456,19241.0,19478.59
17457,18733.0,18998.904
17458,18378.0,18615.043
17459,18666.0,18383.436
17460,19651.0,18878.95
17461,20175.0,20146.635
17462,20018.0,20602.04
17463,19961.0,20181.168
17464,19524.0,20083.627
17465,18889.0,19584.904
17466,18085.0,18981.24
17467,19743.0,18247.377
17468,19479.0,20440.105
17469,19432.0,20232.47
17470,19428.0,20209.719
17471,19738.0,20140.424
17472,20415.0,20384.795
17473,21761.0,21021.527
17474,22565.0,22466.605
17475,22423.0,23008.525
17476,22247.0,22397.947
17477,21893.0,22067.81
17478,21429.0,21627.328
17479,21066.0,21177.156
17480,20691.0,20927.324
17481,20313.0,20690.318
17482,20066.0,20446.57
17483,20271.0,20323.055
17484,21519.0,20686.848
17485,22404.0,22284.459
17486,22583.0,23060.564
17487,22501.0,22792.586
17488,22167.0,22409.559
17489,21428.0,21898.57
17490,20472.0,21074.717
17491,17751.0,20163.229
17492,17611.0,17379.97
17493,17706.0,17494.443
17494,17842.0,18062.896
17495,18240.0,18613.012
17496,19244.0,19262.705
17497,20515.0,20406.322
17498,21553.0,21588.127
17499,21966.0,22253.428
17500,22134.0,22184.148
17501,22086.0,22151.305
17502,21846.0,22057.877
17503,21600.0,21861.799
17504,21371.0,21719.553
17505,21292.0,21619.307
17506,21160.0,21709.441
17507,21283.0,21692.826
17508,22489.0,21901.979
17509,23151.0,23384.965
17510,23156.0,23727.197
17511,22827.0,23108.365
17512,22325.0,22308.32
17513,21540.0,21582.916
17514,20445.0,20755.31
17515,14755.0,19761.738
17516,14475.0,14244.925
17517,14217.0,13908.755
17518,14149.0,14265.652
17519,14254.0,14881.835
17520,14625.0,15503.092
17521,15001.0,16058.675
17522,15337.0,16256.212
17523,15656.0,16234.258
17524,16152.0,16253.014
17525,16662.0,16638.686
17526,16982.0,17173.492
17527,17128.0,17572.576
17528,17188.0,17790.68
17529,17128.0,17888.504
17530,17278.0,17828.088
17531,17568.0,17978.957
17532,18814.0,18281.639
17533,19348.0,19675.945
17534,19403.0,20016.475
17535,19270.0,19596.828
17536,18945.0,19009.871
17537,18593.0,18355.865
